Country Name,Country Code,Indicator Name,Indicator Code,1960,1961,1962,1963,1964,1965,1966,1967,1968,1969,1970,1971,1972,1973,1974,1975,1976,1977,1978,1979,1980,1981,1982,1983,1984,1985,1986,1987,1988,1989,1990,1991,1992,1993,1994,1995,1996,1997,1998,1999,2000,2001,2002,2003,2004,2005,2006,2007,2008,2009,2010,2011,2012,2013,2014,2015,2016,2017,2018,2019,2020
Aruba,ABW,Net lending (+) / net borrowing (-) (% of GDP),GC.NLD.TOTL.GD.ZS,,,,,,,,,,,,,,,,,,,,,,,,,,,,,,,,,,,,,,,,,,,,,,,,,,,,,,,,,,,,,
Afghanistan,AFG,Net lending (+) / net borrowing (-) (% of GDP),GC.NLD.TOTL.GD.ZS,,,,,,,,,,,,,,,,,,,,,,,,,,,,,,,,,,,,,,,,,,,,,,,-2.052675464,-1.749007047,-2.332848625,0.283261805,1.503123702,-0.630811518,-0.640739779,2.282470716,-1.947435934,-1.280440385,0.675796503,0.355603091,,,
Angola,AGO,Net lending (+) / net borrowing (-) (% of GDP),GC.NLD.TOTL.GD.ZS,,,,,,,,,,,,,,,,,,,,,,,,,,,,,,,,,,,,,,,,4.283331524,26.28987423,6.892572605,1.366764288,-10.94699506,9.748938032,0.686789873,19.39805623,13.57120528,6.860631942,-11.78480983,0.846039332,10.65762497,6.000229122,-4.118983354,-10.38897398,-6.116515006,-5.617845562,-6.782131763,,,
Albania,ALB,Net lending (+) / net borrowing (-) (% of GDP),GC.NLD.TOTL.GD.ZS,,,,,,,,,,,,,,,,,,,,,,,,,,,,,,,,,,,,-9.026465429,-10.55157698,-12.66522123,-10.16105562,,,,-6.812032782,-2.904443891,-3.099723498,,,,,,,-3.900934235,-3.90690809,-5.325806368,-3.144033859,-3.02836384,-2.530861694,-1.466647222,-1.270492396,-1.447411131,
Andorra,AND,Net lending (+) / net borrowing (-) (% of GDP),GC.NLD.TOTL.GD.ZS,,,,,,,,,,,,,,,,,,,,,,,,,,,,,,,,,,,,,,,,,,,,,,,,,,,,,,,,,,,,,
Arab World,ARB,Net lending (+) / net borrowing (-) (% of GDP),GC.NLD.TOTL.GD.ZS,,,,,,,,,,,,,,,,,,,,,,,,,,,,,,,,,,,,,,,,,,,,,,,,,,,,,,,,,,,,,
United Arab Emirates,ARE,Net lending (+) / net borrowing (-) (% of GDP),GC.NLD.TOTL.GD.ZS,,,,,,,,,,,,,,,,,,,,,,,,,,,,,,,,,,,,,,0.332391213,0.030944825,0.059330724,,,,,,,,,,,,0.07562282,-0.190892658,0.228260493,-0.085873728,-0.006872139,0.121473123,0.184373121,0.317536604,1.040553238,
Argentina,ARG,Net lending (+) / net borrowing (-) (% of GDP),GC.NLD.TOTL.GD.ZS,,,,,,,,,,,,,,,,,,,,,,,,,,,,,,,-0.107803025,-0.229466323,0.264562866,0.483203369,-0.326056557,-1.717966878,-2.334009125,-1.657521196,-1.586160815,-2.92441883,-2.772201282,-3.319541453,-5.706283192,-2.829368043,-0.425276317,,,,,,,,,,-2.906146066,-3.390110347,-5.333777827,-5.518245695,-5.410337845,-4.002135115,
Armenia,ARM,Net lending (+) / net borrowing (-) (% of GDP),GC.NLD.TOTL.GD.ZS,,,,,,,,,,,,,,,,,,,,,,,,,,,,,,,,,,,,,,,,,,,,,-0.848435545,-1.004318587,-0.300422797,-0.566883682,-0.542749555,-7.600815367,-4.967661774,-2.764406811,-1.304359902,-1.567927782,-1.770555435,-4.700368854,-5.481541315,-4.058817429,-1.847697401,-0.531282887,
American Samoa,ASM,Net lending (+) / net borrowing (-) (% of GDP),GC.NLD.TOTL.GD.ZS,,,,,,,,,,,,,,,,,,,,,,,,,,,,,,,,,,,,,,,,,,,,,,,,,,,,,,,,,,,,,
Antigua and Barbuda,ATG,Net lending (+) / net borrowing (-) (% of GDP),GC.NLD.TOTL.GD.ZS,,,,,,,,,,,,,,,,,,,,,,,,,,,,,,,,,,,,,,,,,,,,,,,,,,,,,,,,,,,,,
Australia,AUS,Net lending (+) / net borrowing (-) (% of GDP),GC.NLD.TOTL.GD.ZS,,,,,,,,,,,,,1.904055391,0.601041269,1.750398195,0.096965949,-1.822572506,-1.232383371,-1.861435965,-1.761575889,-0.939564364,-0.07493,0.247702347,-1.718149474,-3.217295129,-2.502415171,-1.919382109,-0.785411781,0.532281121,1.67548213,1.65923835,0.093368879,-2.739041821,-3.829976297,-3.650163174,-3.231513627,-1.738441506,-0.403932353,1.994738963,0.553422528,2.013736484,0.888001974,-0.441761584,0.80528366,0.814481109,1.253291788,1.727968849,1.633822416,1.90637494,-2.442576053,-4.028708641,-3.790354802,-3.141068306,-1.483427466,-2.21040581,-2.610794897,-2.332731584,-1.750255763,-0.500389492,-0.151023209,
Austria,AUT,Net lending (+) / net borrowing (-) (% of GDP),GC.NLD.TOTL.GD.ZS,,,,,,,,,,,,,0.411822512,-0.83059495,-0.495622938,-3.240705264,-3.631895116,-2.992056761,-3.001966433,-2.610269983,-2.280451711,-2.251385667,-3.741385467,-4.582829486,-3.493324663,-3.715489968,-4.691167462,-4.978160101,-4.310121865,-3.618275055,-3.293159358,-3.376777004,-2.533926284,-4.274262213,-4.215726749,-5.504546066,-4.46860999,-3.054146441,-2.894824617,-2.558207095,-2.240751311,-0.853639867,-1.34777473,-1.774603789,-4.658180752,-2.429077741,-2.16318189,-1.199103578,-1.279383021,-4.213081737,-3.12040718,-2.077037962,-1.966982647,-1.874068801,-2.727131075,-1.116826502,-1.106214221,-0.802458409,-0.000415194,0.494962866,
Azerbaijan,AZE,Net lending (+) / net borrowing (-) (% of GDP),GC.NLD.TOTL.GD.ZS,,,,,,,,,,,,,,,,,,,,,,,,,,,,,,,,,,,-11.16663998,-3.131399381,-2.363053502,-3.967602824,-4.941667151,-4.666212816,,,,,,,,,19.56638729,7.570467536,15.4463676,12.85626512,5.972742069,4.877453508,4.622793536,-2.723611622,2.475938032,1.865489111,9.50777356,4.589255763,
Burundi,BDI,Net lending (+) / net borrowing (-) (% of GDP),GC.NLD.TOTL.GD.ZS,,,,,,,,,,,,,,,,,,,,,,-5.547261799,,,,,,,,,,-2.29591596,-6.592641964,-5.127248834,-5.374356513,-4.690132769,-8.687191182,,,,,,,,,,,,,,,,,,,,,,,,
Belgium,BEL,Net lending (+) / net borrowing (-) (% of GDP),GC.NLD.TOTL.GD.ZS,,,,,,,,,,,,,,,,,,,,,,,,,,,,,,,,,,,,-3.93336282,-3.783942197,-2.161565184,-1.450152564,-1.114368678,-0.074616852,-0.4465169,0.136941233,-1.87218928,-0.264672459,-2.861104589,0.126341106,-0.44593007,-1.21952641,-4.61577359,-3.228010346,-3.695422853,-3.656039611,-2.671324577,-2.561765623,-1.089821153,-2.618015542,-1.079662043,-0.248621148,-1.735876253,
Benin,BEN,Net lending (+) / net borrowing (-) (% of GDP),GC.NLD.TOTL.GD.ZS,,,,,,,,,,,,,,,,,,,,,,,,,,,,,,,,,,,,,,,,,,,,,,,,,,,,,,,,,,,,,
Burkina Faso,BFA,Net lending (+) / net borrowing (-) (% of GDP),GC.NLD.TOTL.GD.ZS,,,,,,,,,,,,,,,,,,,,,,,,,,,,,,,,,,,,,,,,,,,-4.071964425,-1.804360168,-3.943829891,-4.798309375,-5.23282345,-4.818947369,-3.509943382,-4.160531551,-4.040137015,-2.039357318,-2.766724934,-3.550891685,-1.737572081,-2.093845796,-3.084762732,-6.495755597,-4.221183357,-2.932196332,
Bangladesh,BGD,Net lending (+) / net borrowing (-) (% of GDP),GC.NLD.TOTL.GD.ZS,,,,,,,,,,,,,,,,,,,,,,,,,,,,,,,,,,,,,,,,,,-0.570927483,-0.151864704,-0.104760792,-0.631122063,-0.970706746,-1.240797393,-1.145128944,-0.829757738,-1.443157746,-0.813674183,-0.822744382,-0.137399019,0.06907365,-0.76928756,-1.338073112,-1.463530979,,,,
Bulgaria,BGR,Net lending (+) / net borrowing (-) (% of GDP),GC.NLD.TOTL.GD.ZS,,,,,,,,,,,,,,,,,,,,,,,,,,,,,,,-5.049503642,-3.352984525,-4.894422311,-11.34493142,-5.035578387,,,,,,,,,,,1.392536044,1.617941251,1.20419561,1.954751085,-3.20889317,-3.120288576,-1.957638822,-0.5636416,-0.875347829,-5.393690482,-0.810052574,0.006809587,0.874834484,1.836434452,,
Bahrain,BHR,Net lending (+) / net borrowing (-) (% of GDP),GC.NLD.TOTL.GD.ZS,,,,,,,,,,,,,,,,,,,,,11.0957603,11.99478488,5.872483221,-3.175733409,-1.062308478,2.396038162,-3.075716651,-0.313627122,-3.404927807,-1.82418944,-0.622484909,0.426340958,-2.591804747,-1.524062804,-5.230724886,-1.359461733,2.31007289,2.517488271,-3.888004817,-0.329383424,9.029683213,5.342143079,-0.282770933,2.161315809,4.777063623,,,,,,,,,,,,,,,,
"Bahamas, The",BHS,Net lending (+) / net borrowing (-) (% of GDP),GC.NLD.TOTL.GD.ZS,,,,,,,,,,,,,,,,,,,,,,,,,,,,,,,-1.860391661,-2.510317695,-1.830170473,-1.633247089,0.135010739,0.326625838,-0.919922416,-1.575889558,-0.671733092,-0.199495827,0.240637308,-0.429198481,-1.455620662,-1.868075747,-1.927425847,-1.109158008,-0.431424426,-0.756624858,-0.827968839,-2.453015239,-3.943984964,-3.868564415,-4.16139425,-5.112449606,-4.387897873,-3.273282063,-2.59866842,-5.289750518,-3.186022224,-1.615098536,
Bosnia and Herzegovina,BIH,Net lending (+) / net borrowing (-) (% of GDP),GC.NLD.TOTL.GD.ZS,,,,,,,,,,,,,,,,,,,,,,,,,,,,,,,,,,,,,,,,,,,,,,2.008016173,2.745719257,0.916556039,-1.605079934,-4.181932494,-2.189144839,-1.14359245,-1.612317627,-2.077415181,-4.028258868,0.364773394,1.07577852,2.601423937,2.045985763,1.779403175,
Belarus,BLR,Net lending (+) / net borrowing (-) (% of GDP),GC.NLD.TOTL.GD.ZS,,,,,,,,,,,,,,,,,,,,,,,,,,,,,,,,,-4.782608696,-3.583756345,-1.826561007,-2.652652735,-1.835601729,-1.069323665,-0.94438455,-1.904989452,0.069084061,-0.826928004,1.131519647,-1.056054484,-0.135392204,0.22481715,1.468583421,0.43150871,2.37262159,0.212768009,-1.44792292,1.669774935,0.085570802,-0.829264256,0.422890999,2.253663552,1.539784589,2.308868278,4.135088925,2.492023577,
Belize,BLZ,Net lending (+) / net borrowing (-) (% of GDP),GC.NLD.TOTL.GD.ZS,,,,,,,,,,,,,,,,,,,,,,,,,,,,,,,-0.616011526,-5.607338987,-7.458815825,-7.869670582,-6.603184189,-3.495418134,-1.983913532,-0.981714676,-1.061912943,-3.488365745,-5.740219939,-10.59077561,-6.958434679,-5.311794611,-9.621629334,-3.274261603,-4.115233649,0.882549544,-0.275724276,-1.409360055,-0.778242993,-1.69343264,-1.192952819,-1.560122886,-2.383483696,-4.775261698,-4.286641913,-1.435545583,,,
Bermuda,BMU,Net lending (+) / net borrowing (-) (% of GDP),GC.NLD.TOTL.GD.ZS,,,,,,,,,,,,,,,,,,,,,,,,,,,,,,,,,,,,,,,,,,,,,,,,,,,,,,,,,,,,,
Bolivia,BOL,Net lending (+) / net borrowing (-) (% of GDP),GC.NLD.TOTL.GD.ZS,,,,,,,,,,,,,,,,,,,,,,,,,,,0.042062266,0.7507543,-0.678358243,-1.443999979,-1.654456711,-0.430689153,-2.607430924,-2.646064108,-3.57210806,-2.788267301,-2.583342087,-3.084968144,-2.856970412,-3.210180211,-3.997612717,-6.611523295,-8.711410384,-7.565430646,-5.388926422,-3.690201211,12.16375895,1.242121656,,,,,,,,,,,,,
Brazil,BRA,Net lending (+) / net borrowing (-) (% of GDP),GC.NLD.TOTL.GD.ZS,,,,,,,,,,,,,,,,,,,,,,,,,,,,,,,,,,,,,,,,,,,,,,,,,,,-2.127463125,-2.256635255,-1.167579913,-2.32594899,-4.829573029,-7.563703909,-6.638530711,-8.078909237,-6.784714418,-5.464047964,
Barbados,BRB,Net lending (+) / net borrowing (-) (% of GDP),GC.NLD.TOTL.GD.ZS,,,,,,,,,,,,,,,,,,,,,,,,,,,,,,,,,,,,,,,,,,,,-2.401168406,-1.768035999,-2.393113931,-1.775023561,-7.60821193,-4.310721557,-5.894774135,-7.812280817,-4.293745636,-9.256667701,-11.19237155,-8.27347661,-8.717907105,-4.878485932,,,,
Brunei Darussalam,BRN,Net lending (+) / net borrowing (-) (% of GDP),GC.NLD.TOTL.GD.ZS,,,,,,,,,,,,,,,,,,,,,,,,,,,,,,,,,,,,,,,,,,,,,,,,,,,,,,,,,,,,,
Bhutan,BTN,Net lending (+) / net borrowing (-) (% of GDP),GC.NLD.TOTL.GD.ZS,,,,,,,,,,,,,,,,,,,,,,,,,1.913825533,-6.01315148,2.287988975,,3.803837204,1.826436426,-5.831281241,-0.051002082,-2.239796764,6.743855956,2.725117963,-0.050874928,3.021196247,0.193405097,2.320453463,-2.020097672,-2.488543343,-9.321396946,-3.766917962,-10.12973132,2.077907638,-1.014039815,1.356808848,2.520791428,-1.420299252,0.512932318,1.997890236,-1.601520557,-1.754687905,-5.202026428,4.477155449,-0.901329445,-1.260431146,-4.170565395,-2.463074114,,
Botswana,BWA,Net lending (+) / net borrowing (-) (% of GDP),GC.NLD.TOTL.GD.ZS,,,,,,,,,,,,,,,,,,,,,,,,,,,,,,,19.08470226,16.90807013,15.82551241,13.93807033,3.561996047,4.993823489,9.761773266,,,,,,,,,,12.50075689,5.216189438,-6.547672617,-12.12450763,-7.542252667,-0.407220976,1.155740482,5.434404698,3.598669309,-3.135578436,0.336741564,-1.053251419,-4.865729406,-3.845418011,
Central African Republic,CAF,Net lending (+) / net borrowing (-) (% of GDP),GC.NLD.TOTL.GD.ZS,,,,,,,,,,,,,,,,,,,,,,,,,,,,,,,,,,,,,,,,,,,,,-0.472933728,,,,-0.967719285,-5.905514098,-8.370732314,-5.970263761,0.572177319,,2.308765839,-1.085335752,0.663017874,1.577328185,0.34967015,,
Canada,CAN,Net lending (+) / net borrowing (-) (% of GDP),GC.NLD.TOTL.GD.ZS,,,,,,,,,,,,,,,,,,,,,,,,,,,,,,,-4.538403485,-5.045956185,-5.021654453,-5.520488633,-4.712941114,-3.991927361,-2.380566216,0.398827304,0.672573736,0.968382949,2.199779931,1.646551308,1.480345571,1.109878535,1.496943687,0.7454334,1.536516046,1.791447521,0.779649143,-1.207249109,-2.226599468,-0.913204085,-0.516854978,-0.071967445,0.948871044,0.998722897,0.412730871,0.575076351,0.668523502,0.461352554,
Central Europe and the Baltics,CEB,Net lending (+) / net borrowing (-) (% of GDP),GC.NLD.TOTL.GD.ZS,,,,,,,,,,,,,,,,,,,,,,,,,,,,,,,,,,,-2.544074402,-4.689718786,-3.985494253,-3.717526674,-3.767679448,-3.177759794,-4.275094456,-4.471516359,-4.692266449,-4.698082192,-3.636700975,-3.032044486,-2.919996729,-1.823903295,-2.936630703,-6.116816702,-5.57636322,-4.391124078,-3.393412962,-3.623144002,-3.113942219,-2.074597849,-1.945398862,-1.097550136,-0.451165333,-1.097480159,
Switzerland,CHE,Net lending (+) / net borrowing (-) (% of GDP),GC.NLD.TOTL.GD.ZS,,,,,,,,,,,,,1.380960735,1.218854099,1.294795764,0.078613768,-0.203962913,-0.555390058,0.100235947,-0.428284224,0.035602845,0.658146794,0.315244837,0.202430963,0.325540495,,,,,,0.623337173,-0.40686403,-1.32331402,-2.17219232,-1.804984623,-1.155222575,-1.405459757,-1.691765401,-0.960967405,-1.865270745,0.023132314,0.127650591,-1.797020378,-0.804544742,-0.95359072,-0.477287526,0.363703677,0.64323538,1.243359544,0.164495623,0.244413103,0.507812917,0.529975058,0.466197647,0.331942373,0.582188739,0.168777336,0.907214796,0.887395713,0.962678999,
Channel Islands,CHI,Net lending (+) / net borrowing (-) (% of GDP),GC.NLD.TOTL.GD.ZS,,,,,,,,,,,,,,,,,,,,,,,,,,,,,,,,,,,,,,,,,,,,,,,,,,,,,,,,,,,,,
Chile,CHL,Net lending (+) / net borrowing (-) (% of GDP),GC.NLD.TOTL.GD.ZS,,,,,,,,,,,,,-12.16745336,-5.806833365,-4.474725688,0.801601339,1.696772341,-0.196169231,0.470131535,5.156443436,5.817569472,3.299686969,-3.755406182,-4.055252116,-3.607899176,-1.896276389,-1.326327613,0.527538168,-0.574127429,0.492229638,0.325461755,1.201044452,2.034472398,1.656036554,1.422822258,2.095321403,2.000256458,1.86301065,0.402484465,-1.301150416,-0.635826127,-0.516441902,-1.196433,-0.440670159,2.057920943,4.388965784,7.291647136,8.325059072,4.511281469,-4.217847546,-0.422144719,1.284991096,0.541515648,-0.602888609,-1.554030863,-2.133170602,-2.721427757,-2.55186864,-1.709337101,-2.803218644,
China,CHN,Net lending (+) / net borrowing (-) (% of GDP),GC.NLD.TOTL.GD.ZS,,,,,,,,,,,,,,,,,,,,,,,,,,,,,,,,,,,,,,,,,,,,,,,,,,,,,,,,,,,,,
Cote d'Ivoire,CIV,Net lending (+) / net borrowing (-) (% of GDP),GC.NLD.TOTL.GD.ZS,,,,,,,,,,,,,,,,,,,,,,,,,,,,,,,,,,,,,,,,,,,,-2.191946631,-1.290955536,-1.324936153,-0.360553628,0.013333294,0.319965634,1.631273171,-0.648485163,-3.449432272,-2.812759257,-2.261624048,-1.8614271,-2.426831834,-3.275457449,-3.545476256,-3.339273381,-2.686948393,
Cameroon,CMR,Net lending (+) / net borrowing (-) (% of GDP),GC.NLD.TOTL.GD.ZS,,,,,,,,,,,,,,,,,,,,,,,,,,,,,,,-5.585779047,-4.54403921,-1.870559911,-1.283339207,-2.122695239,0.225325634,,,1.325686084,0.116244988,,,,,,,,,,,,,-1.593336763,-3.006117157,-2.930601301,-2.436919283,-5.35439997,-3.38197424,-2.198891449,,
"Congo, Dem. Rep.",COD,Net lending (+) / net borrowing (-) (% of GDP),GC.NLD.TOTL.GD.ZS,,,,,,,,,,,,,-2.618791181,-3.49988207,-5.594752272,-4.211422019,-8.293989147,-4.237208059,-4.629809645,-2.092773154,-0.82144185,-3.927420919,-4.412587913,,,,,,-7.984637496,-0.031448002,,,,,,,,,,,,,,,,,,,,,,,,,,,,,,,
"Congo, Rep.",COG,Net lending (+) / net borrowing (-) (% of GDP),GC.NLD.TOTL.GD.ZS,,,,,,,,,,,,,,,,,,,,,,,,,,,,,,,,,,,,,,,,,,-0.766489284,-5.368426053,5.452628211,-2.553059172,9.226157602,17.5289453,11.31460918,27.88143662,7.400995101,36.41069263,16.04740722,4.93582744,6.992024412,-4.169017351,-9.045800042,-5.788687495,-5.56650225,5.424237374,,
Colombia,COL,Net lending (+) / net borrowing (-) (% of GDP),GC.NLD.TOTL.GD.ZS,,,,,,,,,,,,,,,,,,,,,,,,,,,,,,,,,,,,,,,-3.384686213,-6.11307215,-3.122295182,,,-5.04967006,,,,,-5.724508031,-7.081838772,-4.560118185,-1.070756175,2.765592856,-5.534695621,-4.16681219,-1.407386192,-3.04286242,-2.198244096,-2.316167047,-2.774705821,
Comoros,COM,Net lending (+) / net borrowing (-) (% of GDP),GC.NLD.TOTL.GD.ZS,,,,,,,,,,,,,,,,,,,,,,,,,,,,,,,,,,,,,,,,,,,,,,,,,,,,,,,,,,,,,
Cabo Verde,CPV,Net lending (+) / net borrowing (-) (% of GDP),GC.NLD.TOTL.GD.ZS,,,,,,,,,,,,,,,,,,,,,,,,,,,,,,,,,,,,,,,,,,,,,,,,,,,,,,,,,,,,,
Costa Rica,CRI,Net lending (+) / net borrowing (-) (% of GDP),GC.NLD.TOTL.GD.ZS,,,,,,,,,,,,,,-2.263244881,0.227002733,-1.130642807,-2.418309505,-2.620515266,-4.139909123,-6.592567633,-7.221262736,-3.152215192,-0.933284522,-1.840481309,-0.503033846,-1.076193488,-4.286653421,-2.572632949,0.574708043,-1.537881063,-2.524634793,-0.976414931,0.770605719,-0.151187319,-4.483048569,-2.168105421,-2.882438701,-1.877646866,-1.247194502,-1.572962241,-1.402559591,-1.249467883,-3.476199656,-1.627922958,-1.331341728,-0.79541901,1.142097581,1.70818264,-0.764621053,-3.230159652,-4.217603769,-3.392637597,-3.937214509,-4.454637854,-5.832735917,,,,,,
Caribbean small states,CSS,Net lending (+) / net borrowing (-) (% of GDP),GC.NLD.TOTL.GD.ZS,,,,,,,,,,,,,,,,,,,,,,,,,,,,,,,,,,,,,,,,,,-0.995711915,-2.369281989,-1.151246101,-1.11883765,0.995256337,-0.862455137,-1.745023339,-1.496420337,-5.974638703,-3.651617131,-3.935085729,-3.141994578,-3.100802118,-2.365229974,-2.072465478,-3.928356442,-4.027914061,-1.959037799,,
Cuba,CUB,Net lending (+) / net borrowing (-) (% of GDP),GC.NLD.TOTL.GD.ZS,,,,,,,,,,,,,,,,,,,,,,,,,,,,,,,,,,,,,,,,,,,,,,,,,,,,,,,,,,,,,
Curacao,CUW,Net lending (+) / net borrowing (-) (% of GDP),GC.NLD.TOTL.GD.ZS,,,,,,,,,,,,,,,,,,,,,,,,,,,,,,,,,,,,,,,,,,,,,,,,,,,,,,,,,,,,,
Cayman Islands,CYM,Net lending (+) / net borrowing (-) (% of GDP),GC.NLD.TOTL.GD.ZS,,,,,,,,,,,,,,,,,,,,,,,,,,,,,,,,,,,,,,,,,,,,,,,,,,,,,,,,,,,,,
Cyprus,CYP,Net lending (+) / net borrowing (-) (% of GDP),GC.NLD.TOTL.GD.ZS,,,,,,,,,,,,,,,,-6.883268019,-6.474992754,-2.294965633,-5.672260809,-5.760558842,-6.176509158,-6.690639102,-5.443457952,-8.772763074,-4.650067026,-4.077722073,-2.578549611,-4.92978331,-4.179066986,-2.597367932,-8.415649318,-10.49550287,-7.281751108,-3.242726978,-2.238540738,-1.050308818,-4.759974284,-7.943674039,-6.121695563,-6.513766237,-3.596213353,-3.287933087,-6.723901876,-9.824404284,-6.065489604,-3.554998018,-1.637051914,5.586847339,1.556740506,-5.381384042,-4.657914534,-5.598132367,-5.760057841,-5.736604018,-8.859355918,-0.933797712,0.24248072,1.78480243,-4.391024896,1.381530051,
Czech Republic,CZE,Net lending (+) / net borrowing (-) (% of GDP),GC.NLD.TOTL.GD.ZS,,,,,,,,,,,,,,,,,,,,,,,,,,,,,,,,,,0.143613964,-1.131287983,-14.32300574,-5.303907875,-2.665619495,-4.6310808,-3.245963241,-3.027127058,-5.327928919,-5.978523825,-6.441476604,-2.335016775,-2.941257931,-1.826796202,-0.926355598,-1.773991679,-4.785930324,-3.771622918,-2.422973259,-3.845937501,-1.576803769,-2.25210009,-1.205696053,-0.323856813,0.681075139,0.477502632,-0.380783862,
Germany,DEU,Net lending (+) / net borrowing (-) (% of GDP),GC.NLD.TOTL.GD.ZS,,,,,,,,,,,,,0.89126551,1.527174949,-0.272489506,-2.572317161,-2.109713974,-1.671625413,-1.562525518,-1.400946274,-1.256809635,-1.655025035,-1.342574596,-1.324310758,-1.057852761,-0.469274425,-0.3961245,-0.782136661,-1.200441469,0.136868923,-0.513186169,-2.385294489,-1.589015663,-1.823472634,-1.088901642,-7.872332564,-2.155377905,-1.532825128,-1.739061368,-1.188018335,-1.122616863,-1.370699734,-1.940339927,-1.629114159,-1.826017008,-2.197560645,-1.169268955,-0.166069893,-0.29593676,-2.182170558,-3.262868507,-0.450222011,0.169671185,0.155725897,0.644865975,0.6859473,0.716199749,0.583399287,1.096469144,0.909032922,
Djibouti,DJI,Net lending (+) / net borrowing (-) (% of GDP),GC.NLD.TOTL.GD.ZS,,,,,,,,,,,,,,,,,,,,,,,,,,,,,,,,,,,,,,,,,,,,,,,,,,,,,,,,,,,,,
Dominica,DMA,Net lending (+) / net borrowing (-) (% of GDP),GC.NLD.TOTL.GD.ZS,,,,,,,,,,,,,,,,,,,,,,,,,,,,,,,,,,,,,,,,,,,,,,,,,,,,,,,,,,,,,
Denmark,DNK,Net lending (+) / net borrowing (-) (% of GDP),GC.NLD.TOTL.GD.ZS,,,,,,,,,,,,,2.965646479,3.747076611,1.147909895,-1.446421149,0.210048739,-0.582536601,0.08531669,-0.491630399,-2.115162007,-5.145645989,-7.128752786,-5.937469501,-3.300283148,-0.365988519,4.283337339,3.848736266,2.358056411,1.10485889,-0.416804417,-1.231485162,-1.30377195,-1.914663282,-2.197452649,-3.800932286,-1.830658674,-0.653329377,0.002529537,0.901152883,2.003600083,1.350466346,0.523658209,-0.102940576,1.784129201,5.305412348,5.40576301,5.034432919,3.363253507,-2.259569106,-2.598891969,-2.167415962,-3.529230631,-1.453092901,0.964483023,-1.549188677,-0.454927536,1.587808258,0.700004173,3.580853275,
Dominican Republic,DOM,Net lending (+) / net borrowing (-) (% of GDP),GC.NLD.TOTL.GD.ZS,,,,,,,,,,,,,0.105665694,-0.648242921,-1.192876918,1.750388975,-0.260660509,,-1.058212234,-4.16636357,-2.46106518,-2.375252933,-3.034811428,-2.22328265,-0.890978092,-1.539313964,0.490981795,-0.594547305,-1.68551468,0.044111056,0.589003874,0.238604169,2.494773437,0.08996225,-0.507118618,0.590782037,-0.210159109,0.323723376,0.471082616,-0.362061958,0.825775613,0.26417004,-0.150022224,1.140389133,-1.347789198,-0.470140273,-0.769034357,0.282389924,-3.629440732,-3.465217473,-2.787972431,-2.524059887,-6.173898452,-3.113303389,-2.599654505,0.255243266,-2.589831875,-2.701163037,-2.164737171,-1.995238588,
Algeria,DZA,Net lending (+) / net borrowing (-) (% of GDP),GC.NLD.TOTL.GD.ZS,,,,,,,,,,,,,,,,,,,,,,,,,,,,,,,,,,,,,,,,,,,,,,,,,,,,,,,,,,,,,
East Asia & Pacific (excluding high income),EAP,Net lending (+) / net borrowing (-) (% of GDP),GC.NLD.TOTL.GD.ZS,,,,,,,,,,,,,,,,,,,,,,,,,,,,,,,,,,,,,,,,,,,,,,,,,,,,,,,,,,,,,
Early-demographic dividend,EAR,Net lending (+) / net borrowing (-) (% of GDP),GC.NLD.TOTL.GD.ZS,,,,,,,,,,,,,,,,,,,,,,,,,,,,,,,-2.478323704,-1.634179103,-1.792980612,-2.215641187,-1.33026187,-1.249254359,-1.853226913,-2.320241474,-2.932031074,,,,,,,,,,-2.157615452,-4.162070991,-2.539538771,-1.485998872,-1.666248794,-2.289794041,-2.796135425,-3.699586147,-3.222068104,-3.111174557,-2.97431559,,
East Asia & Pacific,EAS,Net lending (+) / net borrowing (-) (% of GDP),GC.NLD.TOTL.GD.ZS,,,,,,,,,,,,,,,,,,,,,,,,,,,,,,,,,,,,,,,,,,,,,,,,,,,,,,,,,,,,,
Europe & Central Asia (excluding high income),ECA,Net lending (+) / net borrowing (-) (% of GDP),GC.NLD.TOTL.GD.ZS,,,,,,,,,,,,,,,,,,,,,,,,,,,,,,,,,,,-5.940336586,4.389837683,,,-5.738885904,,,,,,,,,,3.105810608,-4.824901141,-1.841928097,1.831435776,1.297832579,0.486651414,-0.615272594,-1.319896135,-1.739665328,-1.593514766,1.315541731,0.427714631,
Europe & Central Asia,ECS,Net lending (+) / net borrowing (-) (% of GDP),GC.NLD.TOTL.GD.ZS,,,,,,,,,,,,,,0.36579717,-0.2978142,-2.469783777,-1.74223056,-1.574239221,-2.298291412,-2.581924578,-2.467803324,-2.266092584,-2.576448892,-2.6132355,-2.645889899,-2.378540577,-3.111630039,-3.128593997,-2.174842885,-1.786576423,-1.527681597,-2.245392925,-3.396145427,-4.773150228,-4.324756373,-4.569370592,-3.519765662,-2.367384771,-2.05155307,-0.84669485,-0.008391845,-0.531579385,-1.151980296,-2.058616319,-1.470864034,-0.913529763,-0.338384176,0.008815049,-0.786764681,-4.881806065,-4.526594005,-2.553711902,-2.407430039,-2.053035413,-1.980431663,-1.786268573,-1.427395364,-1.1245249,-0.357670058,-0.489481915,
Ecuador,ECU,Net lending (+) / net borrowing (-) (% of GDP),GC.NLD.TOTL.GD.ZS,,,,,,,,,,,,,,,,,,,,,,,,,,,,,,,,,,,,,,,,,,,,,,,,,,,,,,,,,,,,,
"Egypt, Arab Rep.",EGY,Net lending (+) / net borrowing (-) (% of GDP),GC.NLD.TOTL.GD.ZS,,,,,,,,,,,,,,,,-11.74009724,-18.56934045,-5.639532759,-3.387991566,-7.166412988,,1.153796846,-8.363021019,-0.443609023,-3.212025316,-2.801608579,-3.786848073,-0.466019417,-3.383116883,-0.375324675,-1.957202505,2.445333333,-1.174694464,4.232603093,3.004,3.441666667,-1.400610288,-1.62805566,,,,,-6.745315387,-5.816287425,-5.610550175,-6.448857939,-7.168496034,-4.557961869,-6.36079062,-6.562962963,-7.733913476,-10.08245934,-10.00519496,-12.635616,-11.02771831,-10.72756659,,,,,
Euro area,EMU,Net lending (+) / net borrowing (-) (% of GDP),GC.NLD.TOTL.GD.ZS,,,,,,,,,,,,,0.824892454,0.296332448,-0.411180612,-2.892205603,-1.864772569,-1.599447685,-2.288436515,-2.499054313,-2.668784192,-2.287639061,-3.007076022,-2.848515212,-2.826305905,-2.776174785,-4.102079325,-4.292979936,-3.321797524,-2.81648554,-2.13034395,-2.406914068,-2.805806793,-4.035000609,-3.717379149,-6.566636034,-3.765242163,-2.55826628,-2.108883115,-1.445495091,-1.134654139,-1.527193965,-2.148791062,-2.670175565,-2.464857934,-2.491982282,-1.569106789,-0.96130531,-1.614958389,-4.903067049,-5.138202008,-3.274157138,-2.823001653,-2.469557062,-2.06895483,-1.807513034,-1.442407598,-1.32438266,-0.819060597,-0.833731218,
Eritrea,ERI,Net lending (+) / net borrowing (-) (% of GDP),GC.NLD.TOTL.GD.ZS,,,,,,,,,,,,,,,,,,,,,,,,,,,,,,,,,,,,,,,,,,,,,,,,,,,,,,,,,,,,,
Spain,ESP,Net lending (+) / net borrowing (-) (% of GDP),GC.NLD.TOTL.GD.ZS,,,,,,,,,,,,,0.1946994,0.416830565,0.10336192,0.132046937,-0.132432252,-0.181904706,-0.734978494,-1.606486217,-2.263250529,-2.77012835,-4.578992756,-4.490463336,-4.649837349,-5.622689564,-3.810859235,-2.820052918,-2.421165659,-1.582470231,-2.592777827,-2.954201337,-3.473832657,-6.494360812,-6.131180382,,,,,,,,,,,,,,,,,,,,,,,-3.278774593,-2.748287095,-2.593326328,
Estonia,EST,Net lending (+) / net borrowing (-) (% of GDP),GC.NLD.TOTL.GD.ZS,,,,,,,,,,,,,,,,,,,,,,,,,,,,,,,,,,,,1.119520342,0.119712483,2.099824197,-0.606704021,-3.043396956,0.228163684,0.666455289,0.962012884,2.106855167,3.077870429,1.466065609,3.069203383,3.172194357,-2.021241851,-1.716178184,-0.033645788,0.931845708,-0.122432674,0.716109877,0.714569234,-0.103453843,-0.529831811,-0.472802378,-0.729442577,0.170031808,
Ethiopia,ETH,Net lending (+) / net borrowing (-) (% of GDP),GC.NLD.TOTL.GD.ZS,,,,,,,,,,,,,,,,,,,,,,,,,,,,,,,-6.592971822,-5.873296781,-4.739410129,-3.750315912,-5.18838514,-3.100297808,-1.642520827,-1.138738901,-3.051387926,-4.201922559,,-4.202113609,-7.459239642,-5.519383487,-3.321928964,-4.476851072,-4.209371459,-2.757840582,-1.921592438,-2.222566392,-2.73395743,-1.349839771,0.679089859,-1.542638498,-2.669090162,-3.12338797,-3.671557608,-4.618388474,-4.043084865,-2.749660216,
European Union,EUU,Net lending (+) / net borrowing (-) (% of GDP),GC.NLD.TOTL.GD.ZS,,,,,,,,,,,,,,0.47797787,-0.298575992,-2.691437966,-1.607161803,-1.430271308,-2.156950257,-2.469853052,-2.692372132,-2.419740144,-3.097390755,-2.986078331,-2.763564814,-2.664770764,-3.73643939,-3.732885752,-2.853252146,-2.347985666,-1.819224142,-2.235312657,-2.862486624,-4.280568006,-3.87046549,-6.416287435,-3.679830934,-2.527261164,-2.067610195,-1.401806145,-1.080240661,-1.563105743,-2.234492886,-2.741510977,-2.380578047,-2.22597888,-1.396860465,-0.749749869,-1.475539729,-4.756127485,-4.915372337,-3.198470194,-2.810772366,-2.471571154,-2.049899754,-1.740150096,-1.349703048,-1.155491734,-0.685050494,-0.688033337,
Fragile and conflict affected situations,FCS,Net lending (+) / net borrowing (-) (% of GDP),GC.NLD.TOTL.GD.ZS,,,,,,,,,,,,,,,,,,,,,,,,,,,,,,,,,,,,,,,,,,,,,,,,,,,,,,,,,,,,,
Finland,FIN,Net lending (+) / net borrowing (-) (% of GDP),GC.NLD.TOTL.GD.ZS,,,,,,,,,,,,,2.571426213,4.358276682,2.384472516,0.16602306,2.645634644,1.44608872,-0.143353072,-1.086640887,-0.448740999,0.292485374,-1.021237812,-2.234780519,-0.405211465,-0.116947567,0.808304312,-1.040680802,1.147587809,2.342345503,1.004959795,-5.014922338,-8.174319664,-10.35956622,-9.135438706,-7.247156237,-4.182870801,-0.688584656,1.890864419,1.841375398,6.664370209,5.403517991,4.429373813,3.109740427,2.98882576,3.379137394,4.304296778,5.292080055,4.56953131,-1.860278299,-2.317917754,-0.486368549,-1.09979755,-1.816749135,-2.255711779,-1.800506185,-1.285410863,-0.452346492,-0.004279649,0.172517002,
Fiji,FJI,Net lending (+) / net borrowing (-) (% of GDP),GC.NLD.TOTL.GD.ZS,,,,,,,,,,,,,,,,,,,,,,,,,,,,,,,0.856565657,-3.284524976,-2.652999175,-4.360499703,-3.469540488,-3.056407665,-4.615796519,,,,,,,,,-3.288901756,-2.91554422,,,,-2.649954607,-1.687691061,-1.438563173,-0.855408115,-2.447072489,-1.975011027,-0.811173098,-0.888759432,-4.365325103,-3.686104917,
France,FRA,Net lending (+) / net borrowing (-) (% of GDP),GC.NLD.TOTL.GD.ZS,,,,,,,,,,,,,1.402842312,1.596724992,1.405315084,-1.221525897,0.60954554,0.034782229,-1.071382735,-0.088052219,0.509546929,-1.17179946,-1.860121049,-2.350554091,-2.283403947,-2.376203025,-2.352435007,-1.650685202,-1.395367025,-1.016713082,-1.399257362,-1.851666859,-3.531586462,-5.544721851,-5.502996223,-4.795394792,-3.832891734,-3.766852288,-2.573570748,-1.807281804,-1.397822919,-1.438694578,-3.250853839,-4.035958314,-3.4238468,-3.160022765,-2.230445456,-2.217569127,-2.763127516,-6.849798236,-6.788289817,-5.11798419,-4.805285704,-3.682240934,-3.679285875,-3.620534999,-3.773282563,-3.029763516,-2.403918859,-2.971627253,
Faroe Islands,FRO,Net lending (+) / net borrowing (-) (% of GDP),GC.NLD.TOTL.GD.ZS,,,,,,,,,,,,,,,,,,,,,,,,,,,,,,,,,,,,,,,,,,,,,,,,,,,,,,,,,,,,,
"Micronesia, Fed. Sts.",FSM,Net lending (+) / net borrowing (-) (% of GDP),GC.NLD.TOTL.GD.ZS,,,,,,,,,,,,,,,,,,,,,,,,,,,,,,,,,,,,,,,,,,,,,,,,,0.622133502,1.826044871,0.975366481,0.387895212,2.43590028,3.528727574,13.44428943,11.17840829,8.00926549,12.76398846,24.36849037,,
Gabon,GAB,Net lending (+) / net borrowing (-) (% of GDP),GC.NLD.TOTL.GD.ZS,,,,,,,,,,,,,,,,,,,,,,,,,,,,,,,,,,,,,,,,,,,,,,,,,,,,,1.728080501,1.724569577,3.390611195,-2.294742774,-4.802170731,0.225975827,0.410193384,2.896694359,
United Kingdom,GBR,Net lending (+) / net borrowing (-) (% of GDP),GC.NLD.TOTL.GD.ZS,,,,,,,,,,,,,0.778793311,-0.430058274,-0.986584716,-3.184655087,-3.43221321,-2.168868025,-3.843277404,-3.685604434,-2.643800623,-3.824442091,-2.018221658,-2.663768843,-2.59809884,-1.730093823,-1.664591005,-1.141534986,0.816931192,1.089650352,-0.909411327,-2.3346904,-6.102920392,-7.485863333,-6.201858303,-4.766150451,-3.542813683,-1.795470894,0.070054016,0.912403319,1.72262883,0.594306696,-1.646815348,-3.05477489,-2.699132205,-2.713650759,-2.655325058,-2.468220524,-4.808007392,-9.528012753,-9.088429123,-7.263294501,-7.685942063,-5.372679224,-5.636736263,-4.480472597,-2.941499259,-1.998052776,-1.91796499,-1.891582534,
Georgia,GEO,Net lending (+) / net borrowing (-) (% of GDP),GC.NLD.TOTL.GD.ZS,,,,,,,,,,,,,,,,,,,,,,,,,,,,,,,,,,,,,,-4.292081056,-2.781704864,-2.206855187,-1.613410336,0.205274198,-1.837446352,-0.89326374,0.535407103,1.524838868,1.555486262,0.762631077,-1.896209154,-7.756588458,-4.209590497,-1.153512542,-0.4444069,-1.38599872,-2.12890374,-1.120671873,-1.612624177,-1.216831528,-1.702489271,-2.971210454,
Ghana,GHA,Net lending (+) / net borrowing (-) (% of GDP),GC.NLD.TOTL.GD.ZS,,,,,,,,,,,,,,,,,,,,,,,,,,,,,,,,,,,,,,,,,,-6.50663371,-5.020914003,-3.622428606,-1.359877909,-1.408885142,-4.204846855,-4.68737873,-5.873828927,-5.64658939,-7.199893365,-3.917876372,-10.29157527,-8.36550907,-5.726878535,-9.294707911,-7.256951498,-4.771126567,-3.79868083,-4.351173378,
Gibraltar,GIB,Net lending (+) / net borrowing (-) (% of GDP),GC.NLD.TOTL.GD.ZS,,,,,,,,,,,,,,,,,,,,,,,,,,,,,,,,,,,,,,,,,,,,,,,,,,,,,,,,,,,,,
Guinea,GIN,Net lending (+) / net borrowing (-) (% of GDP),GC.NLD.TOTL.GD.ZS,,,,,,,,,,,,,,,,,,,,,,,,,,,,,,-3.591771492,-3.447429707,-3.547849776,-2.857666505,,,,,,,,,,,,,,,,,,,,,,,,,,,,
"Gambia, The",GMB,Net lending (+) / net borrowing (-) (% of GDP),GC.NLD.TOTL.GD.ZS,,,,,,,,,,,,,,,,,,,,,,,,,,,,,,,2.095825245,,,,,,,,,,,,,,,,,,,,,,,,,,,,,,
Guinea-Bissau,GNB,Net lending (+) / net borrowing (-) (% of GDP),GC.NLD.TOTL.GD.ZS,,,,,,,,,,,,,,,,,,,,,,,,,,,,,,,,,,,,,,,,,,,,,,,,,,,,,,,,,,-1.571287418,,-4.169177181,
Equatorial Guinea,GNQ,Net lending (+) / net borrowing (-) (% of GDP),GC.NLD.TOTL.GD.ZS,,,,,,,,,,,,,,,,,,,,,,,,,,,,,,,,,,,,,,,,,,,,,,,21.79463746,17.15997311,14.61375354,-3.092369008,-4.533061424,0.814828356,-7.250683611,-5.698400015,-4.644248144,-3.349214384,-4.033283634,-2.111153716,0.102736258,2.002750254,
Greece,GRC,Net lending (+) / net borrowing (-) (% of GDP),GC.NLD.TOTL.GD.ZS,,,,,,,,,,,,,-1.275850429,-1.961477545,-3.090040195,-2.783517207,-2.884100173,-3.503797107,-2.920972446,-2.671975156,-3.343205976,-7.557473372,-13.01452067,-3.636549577,-9.803204448,-10.03399991,-7.670785339,-9.455131368,-10.64893375,-18.06447661,-19.64801761,,,,,-9.772886394,-8.205818584,-6.052539231,-6.170239831,-5.901095046,-4.049635619,-5.619807025,-6.005722572,-7.882399959,-8.693662527,-6.223075749,-5.914306097,-6.695471433,-10.12808814,-15.130875,-10.9006956,-10.51399231,-9.188619722,-13.57731494,-3.85544372,-5.891400685,0.223244707,0.357345796,0.635578515,1.445135356,
Grenada,GRD,Net lending (+) / net borrowing (-) (% of GDP),GC.NLD.TOTL.GD.ZS,,,,,,,,,,,,,,,,,,,,,,,,,,,,,,,,,,,,,,,,,,,,,,,,,,,,,,,,,,,,,
Greenland,GRL,Net lending (+) / net borrowing (-) (% of GDP),GC.NLD.TOTL.GD.ZS,,,,,,,,,,,,,,,,,,,,,,,,,,,,,,,,,,,,,,,,,,,,,,,,,,,,,,,,,,,,,
Guatemala,GTM,Net lending (+) / net borrowing (-) (% of GDP),GC.NLD.TOTL.GD.ZS,,,,,,,,,,,,,,,,,,,,,,,,,,,,,,,-1.910019246,0.06967945,0.235304279,-0.697941184,-1.174714853,-0.468268536,-0.119293799,-0.682040357,-1.239202224,-1.639773586,-1.780643897,-1.933182529,-0.955147738,-2.594767269,-1.046224181,-1.718658047,-1.95678574,-1.433034369,-1.583204391,-3.143660433,-3.298449423,-2.745140117,-2.331109127,-0.425507788,-1.925575071,-1.475644921,-1.110218306,-1.37911517,-1.880417042,-2.248570367,
Guam,GUM,Net lending (+) / net borrowing (-) (% of GDP),GC.NLD.TOTL.GD.ZS,,,,,,,,,,,,,,,,,,,,,,,,,,,,,,,,,,,,,,,,,,,,,,,,,,,,,,,,,,,,,
Guyana,GUY,Net lending (+) / net borrowing (-) (% of GDP),GC.NLD.TOTL.GD.ZS,,,,,,,,,,,,,,,,,,,,,,,,,,,,,,,,,,,,,,,,,,,,,,,,,,,,,,,,,,,,,
High income,HIC,Net lending (+) / net borrowing (-) (% of GDP),GC.NLD.TOTL.GD.ZS,,,,,,,,,,,,,-0.303739902,-0.232044852,-0.038726054,-2.322189374,-2.400914242,-1.500097493,-1.782747272,-1.421817624,-1.725289209,-1.536717975,-2.56512102,-3.578130832,-3.021684634,-2.903579275,-3.330078664,-2.797343615,-2.223387494,-1.861410149,-2.277904238,-3.740757158,-3.921180846,-3.933857381,-3.216688329,-3.63901451,-2.147156234,-0.873759055,-0.246930939,0.256051296,1.145420967,-0.198079392,-1.915561569,-2.708387151,-2.405017166,-1.944311773,-1.121120232,-0.930771041,-2.595923753,-6.640701834,-6.416144922,-4.990688893,-4.190735725,-2.689046981,-2.516742541,-2.355895463,-2.331184125,-1.637192508,-2.151557986,-2.428587571,
"Hong Kong SAR, China",HKG,Net lending (+) / net borrowing (-) (% of GDP),GC.NLD.TOTL.GD.ZS,,,,,,,,,,,,,,,,,,,,,,,,,,,,,,,,,,,,,,,,,,,,,,,,,,,,,,,,,,,,,
Honduras,HND,Net lending (+) / net borrowing (-) (% of GDP),GC.NLD.TOTL.GD.ZS,,,,,,,,,,,,,-2.714819596,-0.449315093,-0.618656356,-2.784697509,-2.284866554,,,,,,,,,,,,,,,,,,,,,,,,,,,-2.966016841,-0.72352058,-0.764038022,0.872784651,-1.061259458,-0.21310244,-4.458223676,-2.983333667,-2.565138456,-3.224114774,-3.733810565,-2.615697417,-0.859334596,,,,,
Heavily indebted poor countries (HIPC),HPC,Net lending (+) / net borrowing (-) (% of GDP),GC.NLD.TOTL.GD.ZS,,,,,,,,,,,,,,,,,,,,,,,,,,,,,,,,,,,,,,,,,,,,,,,,,,,,,-2.409500749,-2.256777992,-2.629235679,-3.155120235,-3.144315716,,,,
Croatia,HRV,Net lending (+) / net borrowing (-) (% of GDP),GC.NLD.TOTL.GD.ZS,,,,,,,,,,,,,,,,,,,,,,,,,,,,,,,,,,,,,,,,,,-2.741767803,-3.602572699,-4.689095526,-5.199458398,-3.72698503,-3.372666086,-2.630911391,-3.225080116,-5.950974752,-6.667722269,-7.925114614,-5.568589518,-5.524730071,-5.456585421,-3.596822932,-0.902201291,0.821498369,0.35855968,0.775998933,
Haiti,HTI,Net lending (+) / net borrowing (-) (% of GDP),GC.NLD.TOTL.GD.ZS,,,,,,,,,,,,,,,,,,,,,,,,,,,,,,,,,,,,,,,,,,,,,,,,,,,,,,,,,,,,,
Hungary,HUN,Net lending (+) / net borrowing (-) (% of GDP),GC.NLD.TOTL.GD.ZS,,,,,,,,,,,,,,,,,,,,,,,,,,,,,,,,-4.454612184,-7.854832651,-8.471469938,-7.754936681,-8.7325422,-4.755174062,-5.530222671,-7.127162505,-5.278793313,-2.772362341,-4.113243326,-7.939842808,-7.028662507,-6.321222717,-7.259809961,-8.482639566,-4.979116093,-3.854502447,-4.370396334,-3.593424584,-5.814497279,-2.813542842,-5.083310444,-4.129635933,-2.170302567,-2.084070371,-2.483665267,-2.168147879,-1.983336586,
IBRD only,IBD,Net lending (+) / net borrowing (-) (% of GDP),GC.NLD.TOTL.GD.ZS,,,,,,,,,,,,,,,,,,,,,,,,,,,,,,,,,,,,,,,,,,,,,,,,,,,,,,,,,,,,,
IDA & IBRD total,IBT,Net lending (+) / net borrowing (-) (% of GDP),GC.NLD.TOTL.GD.ZS,,,,,,,,,,,,,,,,,,,,,,,,,,,,,,,,,,,,,,,,,,,,,,,,,,,,,,,,,,,,,
IDA total,IDA,Net lending (+) / net borrowing (-) (% of GDP),GC.NLD.TOTL.GD.ZS,,,,,,,,,,,,,,,,,,,,,,,,,,,,,,,,,,,,,,,,,,,,,,,,,,,,,,,,,,,,,
IDA blend,IDB,Net lending (+) / net borrowing (-) (% of GDP),GC.NLD.TOTL.GD.ZS,,,,,,,,,,,,,,,,,,,,,,,,,,,,,,,,,,,,,,,,,,,,,,,,,,,,,,,,,,,,,
Indonesia,IDN,Net lending (+) / net borrowing (-) (% of GDP),GC.NLD.TOTL.GD.ZS,,,,,,,,,,,,,-1.62138475,-1.229010572,-0.22413149,-2.309669765,-2.631459846,-0.383994277,-2.163017673,-0.730670031,-0.926380274,-0.893997446,-1.26273213,-1.150648054,2.206656037,-0.44657562,-3.432609202,-1.02141617,-3.239369817,-2.064602802,0.432521529,0.481863722,-0.598342725,0.404820487,1.989170103,3.015087981,2.315948386,1.033685425,-1.745879037,,,,-0.294510519,-2.315533394,-1.104843694,,,,-0.083274591,-1.580586615,-0.682450345,-1.070581376,-1.760239108,-2.193317211,-2.121805824,-2.593548137,-2.483522006,-2.506185357,-1.813705062,-2.195619901,
IDA only,IDX,Net lending (+) / net borrowing (-) (% of GDP),GC.NLD.TOTL.GD.ZS,,,,,,,,,,,,,,,,,,,,,,,,,,,,,,,,,,,,,,,,,,,,,,,,,,,,,-1.455190593,,-1.668491523,-2.518895874,-2.379069096,,,,
Isle of Man,IMN,Net lending (+) / net borrowing (-) (% of GDP),GC.NLD.TOTL.GD.ZS,,,,,,,,,,,,,,,,,,,,,,,,,,,,,,,,,,,,,,,,,,,,,,,,,,,,,,,,,,,,,
India,IND,Net lending (+) / net borrowing (-) (% of GDP),GC.NLD.TOTL.GD.ZS,,,,,,,,,,,,,,,-0.085666187,0.150212792,0.128523948,0.184573643,-0.107391968,-0.907235536,-1.003652395,-0.501807243,-0.786527352,-1.277800611,-2.001282774,-2.272486964,-2.921480848,-3.0782223,-3.064074059,-2.745715522,-3.386337141,-2.249417015,-2.306633452,-3.90437166,-2.403923682,-2.18068827,-2.01868924,-2.79027832,-3.302888828,-3.281057226,-3.810296987,-4.348053395,-4.661652788,-3.43004355,-3.256157942,-3.231469483,-2.2640282,-0.479110413,-4.972586553,-5.513534169,-3.48058119,-3.206494809,-3.764476133,-4.065733042,-3.247437179,-2.775809616,-2.418516147,-2.553031021,-2.29459999,,
Not classified,INX,Net lending (+) / net borrowing (-) (% of GDP),GC.NLD.TOTL.GD.ZS,,,,,,,,,,,,,,,,,,,,,,,,,,,,,,,,,,,,,,,,,,,,,,,,,,,,,,,,,,,,,
Ireland,IRL,Net lending (+) / net borrowing (-) (% of GDP),GC.NLD.TOTL.GD.ZS,,,,,,,,,,,,,-2.092574172,-2.125968155,-4.37644837,-7.7113019,-5.126017508,-5.003071671,-6.955664276,-7.643696635,-8.050237949,-8.912767108,-9.809707795,-8.416271921,-7.026838158,-8.571027124,-8.476616475,-7.653506209,-4.217500421,-1.919266271,-2.370460482,-2.382591348,-2.598311533,-2.668776494,-2.317847964,-2.003911804,-0.128061192,1.411454437,2.250643956,3.605905174,4.984473161,1.417537056,-0.197674989,0.056230501,1.224168498,1.375944785,2.600303777,0.453916683,-6.65195235,-13.76757285,-32.04290685,-12.97264318,-8.309658361,-6.362878781,-3.658222822,-2.186676658,-0.719163715,-0.361967816,0.089005559,0.637538959,
"Iran, Islamic Rep.",IRN,Net lending (+) / net borrowing (-) (% of GDP),GC.NLD.TOTL.GD.ZS,,,,,,,,,,,,,-4.27128479,-0.771935207,4.489758253,0.340003255,-0.783287603,-4.612672566,-9.995179857,-5.079769687,-13.88218528,-11.0896167,-5.819515459,-6.325049067,-4.084203684,-3.919521923,-8.877191353,-7.488907281,-9.349512302,-4.01620465,-1.767468048,-2.171591476,-1.349824107,-0.513505996,-0.234735666,1.04068419,0.761018035,-0.428248868,-5.339589397,0.111798322,1.655808499,0.891498338,0.641232491,1.437639122,3.52739447,5.076661261,2.647901334,6.419314453,2.288918042,0.451616617,,,,,,,,,,,
Iraq,IRQ,Net lending (+) / net borrowing (-) (% of GDP),GC.NLD.TOTL.GD.ZS,,,,,,,,,,,,,,,,,,,,,,,,,,,,,,,,,,,,,,,,,,,,,,,,,,,,,,,-2.691154971,-5.647632659,-6.737755654,1.096013866,9.561458917,1.998472861,
Iceland,ISL,Net lending (+) / net borrowing (-) (% of GDP),GC.NLD.TOTL.GD.ZS,,,,,,,,,,,,,0.619786551,-0.057578203,-2.241695671,-2.304193216,1.04075047,-0.329645547,-0.011730123,-0.134969695,0.466545316,0.955601564,0.801690448,-2.297389533,0.967211082,-1.849939037,-3.922995286,-2.16259171,-3.386720967,-3.34799166,-2.567101672,-3.682494764,-2.598984758,-3.022839889,-2.848236319,-2.407391917,-1.139659,0.411088073,1.174657262,2.687127292,2.618085779,-0.058012276,-1.191763747,-1.983328269,0.763341951,7.932505217,9.001440872,7.632047685,-8.752840677,-4.899320871,-5.160812116,-1.611524167,0.061305389,1.537526178,3.447779819,2.460610969,15.00808652,4.497087041,3.893271628,-1.119542599,
Israel,ISR,Net lending (+) / net borrowing (-) (% of GDP),GC.NLD.TOTL.GD.ZS,,,,,,,,,,,,,-11.35718342,-13.19841619,-15.24622656,-11.89446367,-9.844942161,-10.89886996,-5.916541955,-6.484723843,-9.299015922,-13.87464972,-9.089422534,-15.10710992,-11.78483005,3.479246346,4.730556484,0.866389048,-0.508065408,-2.58154602,-3.748860691,-2.97847458,-3.105473212,-2.114014747,-2.247661503,-3.637912138,-3.652224111,-2.199834264,-2.491621896,-2.565971551,-0.991455984,-3.966977242,-8.039188836,-4.677572197,-3.743684607,-2.976660206,-1.125953873,-0.468463245,-3.55043791,-6.416195221,-3.701232295,-3.229498576,-4.406895322,-3.90707204,-2.33115324,-1.160458625,-1.531134801,-1.069934275,-3.355424247,-3.85384889,
Italy,ITA,Net lending (+) / net borrowing (-) (% of GDP),GC.NLD.TOTL.GD.ZS,,,,,,,,,,,,,,-4.055172202,-3.682720088,-7.97296182,-5.482338367,-4.547449786,-5.605886689,-7.169323793,-8.691098594,,,,,,-12.0726441,-13.25690286,-8.876130425,-8.605582014,,,,,,-7.345054335,-6.393225485,-2.596952481,-2.329442675,-1.68523239,-2.174685418,-2.795335581,-2.066270402,-2.88816207,-2.574916392,-3.301073562,-2.711622202,-1.306073828,-2.445870103,-4.917210961,-3.791210885,-3.311770003,-3.264118941,-2.90081924,-3.176159649,-2.955438562,-2.610056877,-2.591050706,-2.366092998,-1.64313727,
Jamaica,JAM,Net lending (+) / net borrowing (-) (% of GDP),GC.NLD.TOTL.GD.ZS,,,,,,,,,,,,,,,,,,,,,,,,,,,,,-3.411178069,2.957080352,2.446494523,4.134773179,3.912263909,2.665401147,2.360684304,2.692951896,-4.480000606,-5.987355402,-5.463482412,-3.094825577,-0.853760711,-4.81893042,-6.584659838,-5.140131032,-4.434012467,-3.004511868,-4.672380501,-4.762784438,-7.551462446,-11.38237737,-6.308793715,-6.526336148,-4.154938376,0.1213467,-0.471601485,-0.294279117,-0.197418471,0.460417635,1.204287428,,
Jordan,JOR,Net lending (+) / net borrowing (-) (% of GDP),GC.NLD.TOTL.GD.ZS,,,,,,,,,,,,,,,,,,,,,,,,,,,,,,,-3.373422027,-2.161257606,4.59032003,1.230598888,0.578205958,0.931151111,-1.630631708,-3.197634545,-5.033655059,-1.298436915,-2.030194213,-3.136979889,-3.125570728,-0.322740246,-1.440360532,-5.122704411,-3.640344527,-4.687008056,-2.108190207,-8.660942198,-4.901115756,-6.595698771,-8.120909375,-5.388622507,-2.230348825,-3.382513957,-3.101994616,-2.542145556,-1.495646583,-3.349362668,
Japan,JPN,Net lending (+) / net borrowing (-) (% of GDP),GC.NLD.TOTL.GD.ZS,,,,,,,,,,,,,,,,,,,,,,,,,,,,,,,,,,,,,,,,,,,,,,,,,,,,,,,,,,,,,
Kazakhstan,KAZ,Net lending (+) / net borrowing (-) (% of GDP),GC.NLD.TOTL.GD.ZS,,,,,,,,,,,,,,,,,,,,,,,,,,,,,,,,,,,,,,-1.803195601,-2.485657836,-2.810921318,0.090045639,0.064685945,0.348045574,-0.610995553,0.220952798,,,,,,4.649514536,7.903123095,5.855234749,4.908530819,3.25887449,-2.418086253,-2.891723462,-3.112165834,1.319850758,-0.883539402,
Kenya,KEN,Net lending (+) / net borrowing (-) (% of GDP),GC.NLD.TOTL.GD.ZS,,,,,,,,,,,,,,,,,,,,,,,,,,,,,,,,,,,,,,,,,,,,,,,,,,,,,,,-5.546978503,-8.708074565,-7.340336106,-10.92137845,-8.577066296,-4.263330966,
Kyrgyz Republic,KGZ,Net lending (+) / net borrowing (-) (% of GDP),GC.NLD.TOTL.GD.ZS,,,,,,,,,,,,,,,,,,,,,,,,,,,,,,,,,,,,,,,,,,,,,,,,,,,,,,,-0.037657914,-1.046855045,-3.745041265,-2.702781485,-0.287372916,0.453791117,
Cambodia,KHM,Net lending (+) / net borrowing (-) (% of GDP),GC.NLD.TOTL.GD.ZS,,,,,,,,,,,,,,,,,,,,,,,,,,,,,,,,,,,,,,,,,,,-3.384888055,-4.41959665,-2.1573918,0.04035265,-1.713306835,-0.804518994,-0.308054056,-4.537684425,-3.527310856,-4.564002409,-0.713030891,-2.733518774,-1.325159387,-0.866857611,-0.387339733,-1.01035575,0.374661427,2.173111052,
Kiribati,KIR,Net lending (+) / net borrowing (-) (% of GDP),GC.NLD.TOTL.GD.ZS,,,,,,,,,,,,,,,,,,,,,,,,,,,,,,,,,,,,,,,,,,,,,,,,,,,,-7.138981869,3.524414935,20.4676431,44.71684773,55.8843506,21.49600355,16.93939287,51.53657784,18.94025855,
St. Kitts and Nevis,KNA,Net lending (+) / net borrowing (-) (% of GDP),GC.NLD.TOTL.GD.ZS,,,,,,,,,,,,,,,,,,,,,,,,,,,,,,,-1.077395159,-2.404863467,-1.554063356,-1.913949504,-1.2585798,,,,,,-11.13613173,-8.85134589,-1.354798437,-2.374504884,-1.426682157,-5.002140783,-3.250610434,-2.461362442,0.518973836,-0.532664224,-3.602437377,2.194703858,10.28902425,12.46217193,9.764297519,6.758621796,1.833228458,1.892820656,,,
"Korea, Rep.",KOR,Net lending (+) / net borrowing (-) (% of GDP),GC.NLD.TOTL.GD.ZS,,,,,,,,,,,,,-3.889682967,-0.235196208,-0.341555977,-0.341439357,0.22801393,0.827596584,1.299966209,0.682050348,0.682188339,1.127445651,-0.230420378,1.257342454,0.927583587,0.666063767,0.866138827,1.408406726,2.353510093,1.318441657,1.538222204,0.494471528,1.09137107,1.821174035,1.938826299,2.235068725,2.3779115,2.393903489,1.130435228,1.187209296,4.049599898,2.507869282,3.34599568,1.563930783,0.089544793,0.823073592,1.032556137,2.07497016,1.457175928,0.016879113,1.466794701,1.622327273,1.19049818,1.286670725,0.99827424,0.764707679,1.877475313,1.891128305,2.415820703,,
Kuwait,KWT,Net lending (+) / net borrowing (-) (% of GDP),GC.NLD.TOTL.GD.ZS,,,,,,,,,,,,,15.71038251,14.83698024,48.09861128,,,42.5542408,33.72183008,29.45992659,61.69745352,54.02387546,20.15356696,17.52298013,20.54612247,11.30243072,34.13540056,,,,3.711938499,-203.719094,-90.92937285,-28.93379171,-21.47696564,-13.58163152,-9.258571868,4.822574864,-5.577689243,,,,,,,,,,,,,,,,,,,,,,
Latin America & Caribbean (excluding high income),LAC,Net lending (+) / net borrowing (-) (% of GDP),GC.NLD.TOTL.GD.ZS,,,,,,,,,,,,,,,,,,,,,,,,,,,,,,,,,,,,,,,,,,,,,,,,,,,-2.78876896,-2.433823083,-1.66349551,-2.720003332,-4.138441899,-5.106511923,-4.583466515,-5.104386256,-4.76946389,-3.99846379,
Lao PDR,LAO,Net lending (+) / net borrowing (-) (% of GDP),GC.NLD.TOTL.GD.ZS,,,,,,,,,,,,,,,,,,,,,,,,,,,,,,,,,,,,,,,,,,,,,,,,,,,,,,,,,,,,,
Lebanon,LBN,Net lending (+) / net borrowing (-) (% of GDP),GC.NLD.TOTL.GD.ZS,,,,,,,,,,,,,,,,,,,,,,,,,,,,,,,,,,,,,,,-15.05249532,-15.36731114,-18.40238278,-15.04604052,-12.71266279,-13.25112633,-8.573146336,-7.968268981,-11.145432,-11.24759737,-10.05315844,-8.124372592,-7.502857015,-6.443928933,-8.614798464,-10.04479581,-8.22204853,-6.945927481,-9.251614185,-7.469131323,-11.82996184,-10.9950612,
Liberia,LBR,Net lending (+) / net borrowing (-) (% of GDP),GC.NLD.TOTL.GD.ZS,,,,,,,,,,,,,,,,,,,,,,,,,,,,,,,,,,,,,,,,,,,,,,,,,,,,,,,,,,,,,
Libya,LBY,Net lending (+) / net borrowing (-) (% of GDP),GC.NLD.TOTL.GD.ZS,,,,,,,,,,,,,,,,,,,,,,,,,,,,,,,,,,,,,,,,,,,,,,,,,,,,,,,,,,,,,
St. Lucia,LCA,Net lending (+) / net borrowing (-) (% of GDP),GC.NLD.TOTL.GD.ZS,,,,,,,,,,,,,,,,,,,,,,,,,,,,,,,,,,,,,,,,,-0.926547816,-2.60176751,-1.846419753,-4.86807952,-3.485655868,-4.344660568,-2.456790232,0.388275724,0.034970146,-1.723178815,-0.509474642,-3.800513294,-5.281130308,-5.361989926,-2.903490574,-1.904414376,-0.458253548,-0.861502919,,,
Latin America & Caribbean,LCN,Net lending (+) / net borrowing (-) (% of GDP),GC.NLD.TOTL.GD.ZS,,,,,,,,,,,,,,,,,,,,,,,,,,,,,,,,,,,,,,,,,,,,,,,,,,,-2.657218474,-2.241454355,-1.569637036,-2.618882268,-3.998986758,-4.930813355,-4.493750854,-4.966761754,-4.587929266,-3.932624001,
Least developed countries: UN classification,LDC,Net lending (+) / net borrowing (-) (% of GDP),GC.NLD.TOTL.GD.ZS,,,,,,,,,,,,,,,,,,,,,,,,,,,,,,,,,,,,,,,,,,,,,,,,,,,-0.035625579,,1.881352767,-0.455159662,-2.502131917,-2.73364203,-2.866396469,,,,
Low income,LIC,Net lending (+) / net borrowing (-) (% of GDP),GC.NLD.TOTL.GD.ZS,,,,,,,,,,,,,,,,,,,,,,,,,,,,,,,,,,,,,,,,,,,,,,,,,,,,,,,,,,,,,
Liechtenstein,LIE,Net lending (+) / net borrowing (-) (% of GDP),GC.NLD.TOTL.GD.ZS,,,,,,,,,,,,,,,,,,,,,,,,,,,,,,,,,,,,,,,,,,,,,,,,,,,,,,,,,,,,,
Sri Lanka,LKA,Net lending (+) / net borrowing (-) (% of GDP),GC.NLD.TOTL.GD.ZS,,,,,,,,,,,,,,,,,,,,,,,,,,,,,,,-5.170859956,-6.641689831,-4.826433222,-5.646512466,-6.76603049,-7.576687852,-7.650808199,-6.331435786,-7.031137953,-5.872257933,-8.398376001,-9.341209807,-7.618758633,-6.862123231,-7.333460555,-6.976404752,-6.883056338,-6.520825509,-6.568530672,-8.920803765,-6.310772129,-5.806896074,-5.308593736,-5.276985042,-5.579803888,-7.56980555,-5.345571915,-5.450692021,-5.358552213,-6.802118914,
Lower middle income,LMC,Net lending (+) / net borrowing (-) (% of GDP),GC.NLD.TOTL.GD.ZS,,,,,,,,,,,,,,,,,,,,,,,,,,,,,,,,,,,,,,,,,,,-4.211939258,-3.585203653,-2.912496908,-3.260795476,-1.60277963,-0.54304182,-3.441694496,-5.05122051,-3.278883796,-2.64916287,-3.143280944,-3.818933876,-3.587174013,-3.188049642,-2.726047489,-2.875991981,-2.470629163,,
Low & middle income,LMY,Net lending (+) / net borrowing (-) (% of GDP),GC.NLD.TOTL.GD.ZS,,,,,,,,,,,,,,,,,,,,,,,,,,,,,,,,,,,,,,,,,,,,,,,,,,,,,,,,,,,,,
Lesotho,LSO,Net lending (+) / net borrowing (-) (% of GDP),GC.NLD.TOTL.GD.ZS,,,,,,,,,,,,,,,,,,,,,,,,,,,,-18.94275663,-15.99777751,-7.161942168,,10.68944665,5.058794853,8.018009564,6.067028632,5.385275141,2.22816945,0.285463884,-12.25811909,-15.88210983,-0.973327682,-2.862127376,-2.477374399,0.916807034,6.200583625,4.569767768,11.47256279,10.35868838,3.960952638,-5.810073587,-3.006738073,-9.852891675,4.382074868,-2.983356229,3.156922877,-1.281116699,-8.567789435,-1.859740403,-4.183898469,-5.035522877,
Late-demographic dividend,LTE,Net lending (+) / net borrowing (-) (% of GDP),GC.NLD.TOTL.GD.ZS,,,,,,,,,,,,,,,,,,,,,,,,,,,,,,,,,,,,,,,,,,,,,,,,,,,,,,,,,,,,,
Lithuania,LTU,Net lending (+) / net borrowing (-) (% of GDP),GC.NLD.TOTL.GD.ZS,,,,,,,,,,,,,,,,,,,,,,,,,,,,,,,,,,,,-1.220922636,-2.992797248,-11.57251032,-3.986547594,-2.264176772,-3.124977999,-3.095990453,-1.871549991,-1.229970265,-1.539512052,-0.292489157,0.07498766,-0.493895138,-2.846757785,-8.688272658,-6.967802084,-8.558896513,-2.889683597,-2.330461464,-0.739620841,-0.597739531,-0.261687738,0.25957808,0.411071896,0.18648546,
Luxembourg,LUX,Net lending (+) / net borrowing (-) (% of GDP),GC.NLD.TOTL.GD.ZS,,,,,,,,,,,,,1.575238695,2.314134142,3.830783557,1.515319723,1.205167135,1.830667664,3.3092624,0.793648543,0.841752847,0.641438074,-0.822280127,0.592112974,1.870013901,4.258984716,3.904077987,2.380537222,1.588511777,4.381549583,2.643356983,2.602545957,1.456648971,1.809343759,2.082712489,2.238157883,1.813415081,2.046746362,2.583159153,2.915430061,5.04943387,5.514024777,1.906497349,0.277476641,-1.302198498,0.092051424,1.714343857,4.034253757,3.086750068,-0.094735802,-0.44075322,0.355059092,0.015240718,0.539529836,1.088048921,0.991234017,1.672315059,1.159901701,2.667718203,1.977917933,
Latvia,LVA,Net lending (+) / net borrowing (-) (% of GDP),GC.NLD.TOTL.GD.ZS,,,,,,,,,,,,,,,,,,,,,,,,,,,,,,,,,,,-1.495495504,-1.897332631,-3.505892663,1.071780441,-0.495721922,-4.487152735,-3.521543465,-1.74726783,-2.056435377,-2.00040926,-1.156010641,-0.350569981,-0.052061916,0.187446686,-4.303452964,-11.0631214,-11.7162969,-5.046923513,-1.378329955,-1.029869975,-1.826259004,-2.394330735,-0.08235282,-0.720827733,-0.221102046,-1.685942526,
"Macao SAR, China",MAC,Net lending (+) / net borrowing (-) (% of GDP),GC.NLD.TOTL.GD.ZS,,,,,,,,,,,,,,,,,,,,,,,,,,,,,,,,,,,,,1.331682558,2.518830853,0.000167299,-0.547996699,1.492756396,3.286269385,2.680224532,4.829418918,7.840198627,8.361549261,9.796515067,16.46564076,17.57078651,13.43531233,19.48688022,24.76219115,24.0693069,26.97778365,23.96615233,13.72159121,11.33488307,13.17789036,13.35138008,14.77220133,
St. Martin (French part),MAF,Net lending (+) / net borrowing (-) (% of GDP),GC.NLD.TOTL.GD.ZS,,,,,,,,,,,,,,,,,,,,,,,,,,,,,,,,,,,,,,,,,,,,,,,,,,,,,,,,,,,,,
Morocco,MAR,Net lending (+) / net borrowing (-) (% of GDP),GC.NLD.TOTL.GD.ZS,,,,,,,,,,,,,,,,,,,,,,,,,,,,,,,-2.131025217,-2.05303555,-1.11630288,-2.552280044,-3.170312334,-4.055578795,,-0.524719019,-2.322901757,-2.180426354,,,-4.727871244,-4.052805075,-3.585775717,-5.903622979,-1.948366463,-0.125775022,0.677363559,-1.763163193,-4.028615102,-6.598221148,-7.176913506,-5.088323609,-4.848458897,0.964530695,-4.154819517,-3.388180089,-3.730630612,-3.941249251,
Monaco,MCO,Net lending (+) / net borrowing (-) (% of GDP),GC.NLD.TOTL.GD.ZS,,,,,,,,,,,,,,,,,,,,,,,,,,,,,,,,,,,,,,,,,,,,,,,,,,,,,,,,,,,,,
Moldova,MDA,Net lending (+) / net borrowing (-) (% of GDP),GC.NLD.TOTL.GD.ZS,,,,,,,,,,,,,,,,,,,,,,,,,,,,,,,,,,,,,,-6.279035211,-3.57373341,-2.920897802,-1.49130207,0.95950294,,1.985227561,0.268793706,1.80362265,0.19551325,-0.336889388,-0.405899367,-5.918933742,-2.133864915,-1.496768129,-1.711221892,-1.462526571,-1.351871374,-1.631588732,-2.019095733,-0.74446186,-0.908271333,-1.33741266,
Madagascar,MDG,Net lending (+) / net borrowing (-) (% of GDP),GC.NLD.TOTL.GD.ZS,,,,,,,,,,,,,,,,,,,,,,,,,,,,,,,,,,,,,,,,,,,,-3.167856341,-3.881268941,-3.997011426,-0.340107617,-2.295104396,-1.596926256,-1.800924827,-0.602364975,-1.170585192,-0.897639858,-1.452894725,-1.904148472,-1.503759833,-0.711710084,-1.869177732,-1.03752267,-1.04811829,
Maldives,MDV,Net lending (+) / net borrowing (-) (% of GDP),GC.NLD.TOTL.GD.ZS,,,,,,,,,,,,,,,,,,,,,,,,,,,,,,,-7.506937345,-8.751696065,-11.00335448,-11.29447731,-5.168860766,-6.582057452,-2.354272779,-1.875692163,-2.889757589,-3.887329784,-4.996973375,-3.656933621,-3.663124891,-3.445421022,-2.256833455,-7.806708346,-4.523234023,-3.15362859,-9.92500235,-17.88621036,,,,,,,,,,,
Middle East & North Africa,MEA,Net lending (+) / net borrowing (-) (% of GDP),GC.NLD.TOTL.GD.ZS,,,,,,,,,,,,,,,,,,,,,,,,,,,,,,,,,,,,,,,,,,,,,,,,,,,,,,,,,,,,,
Mexico,MEX,Net lending (+) / net borrowing (-) (% of GDP),GC.NLD.TOTL.GD.ZS,,,,,,,,,,,,,-1.769911504,-2.894356006,-3.222222222,-2.545454545,-3.06345733,-2.433747972,-1.968335473,-2.151238592,-0.657030363,-3.262716525,-10.81449005,-7.000904399,-5.524097273,-7.648753297,-12.40194262,-13.4596799,-10.13756041,-4.538717419,-2.55932951,-0.000317396,0.979325832,0.188514368,-0.001684047,-0.490642606,-0.107070771,-1.212434246,-1.304727427,-1.353811193,-0.961264522,,,,,,,,-1.964825194,-4.511583076,-3.977040497,-3.558839223,-3.820866328,-3.336748117,-4.162438206,-3.229100137,-1.671900115,-0.868467589,-2.171887963,-2.092010332,
Marshall Islands,MHL,Net lending (+) / net borrowing (-) (% of GDP),GC.NLD.TOTL.GD.ZS,,,,,,,,,,,,,,,,,,,,,,,,,,,,,,,,,,,,,,,,,,,,,,,,,3.527549663,1.506765385,3.488904799,2.108434419,-0.753295151,-0.229100185,3.218540307,2.798180495,3.903085086,4.392847647,2.538435814,,
Middle income,MIC,Net lending (+) / net borrowing (-) (% of GDP),GC.NLD.TOTL.GD.ZS,,,,,,,,,,,,,,,,,,,,,,,,,,,,,,,,,,,,,,,,,,,,,,,,,,,,,,,,,,,,,
North Macedonia,MKD,Net lending (+) / net borrowing (-) (% of GDP),GC.NLD.TOTL.GD.ZS,,,,,,,,,,,,,,,,,,,,,,,,,,,,,,,,,,,,,,,,,,,,,,2.322384738,-0.144141696,0.252332751,-0.964593025,-2.684855121,-2.531008745,-2.641613491,-3.932693812,-3.954337149,-4.334081176,-3.566383177,-2.772981676,-2.772631932,-1.755043407,-1.975537974,
Mali,MLI,Net lending (+) / net borrowing (-) (% of GDP),GC.NLD.TOTL.GD.ZS,,,,,,,,,,,,,,,,,,,,,,,,,,,,,,,,,,,,,,,,,-2.761493267,-3.223454678,-3.592214727,-1.329865101,-2.681042256,-2.118595696,27.25993451,-4.147070117,-1.554879595,-1.814683156,-2.203579962,-2.864974431,0.000456523,-1.179608474,-1.212633838,-2.596384682,-3.537091031,-1.692406754,-4.61551542,-1.570205402,
Malta,MLT,Net lending (+) / net borrowing (-) (% of GDP),GC.NLD.TOTL.GD.ZS,,,,,,,,,,,,,-2.282296809,8.167137043,4.607772964,4.862417476,5.631671517,3.505170846,6.244511359,,2.79725395,5.741720557,3.608636062,3.838379065,1.255977673,1.199419917,-2.503727331,-5.758133061,0.631579296,-4.802694914,-11.21645121,-10.79546181,-5.919092036,-7.253313113,-9.077418806,-8.122049032,-17.81408419,-16.33714107,-21.46282403,-15.4834791,-12.90756336,-14.28531906,-12.605787,-20.84310986,-9.97578559,-6.663377885,-5.814765573,-4.926208544,-4.120869279,-3.172448343,-2.358225214,-2.353797427,-3.358535437,-2.29977403,-1.661939253,-1.030549065,0.899636294,3.137477832,1.925903345,0.441410017,
Myanmar,MMR,Net lending (+) / net borrowing (-) (% of GDP),GC.NLD.TOTL.GD.ZS,,,,,,,,,,,,,,,,,,,,,,,,,,,,,,,,,,,,,,,,,,,,-2.671689179,-1.974087581,-1.487055332,,,,,,,1.603124862,-1.413524806,-1.058072782,-4.189320991,-2.882455564,-5.600252646,-0.732769683,-3.518764225,
Middle East & North Africa (excluding high income),MNA,Net lending (+) / net borrowing (-) (% of GDP),GC.NLD.TOTL.GD.ZS,,,,,,,,,,,,,,,,,,,,,,,,,,,,,,,,,,,,,,,,,,,,,,,,,,,,,,,,,,,,,
Montenegro,MNE,Net lending (+) / net borrowing (-) (% of GDP),GC.NLD.TOTL.GD.ZS,,,,,,,,,,,,,,,,,,,,,,,,,,,,,,,,,,,,,,,,,,,,,,,,,,,,,,,,,,,,,
Mongolia,MNG,Net lending (+) / net borrowing (-) (% of GDP),GC.NLD.TOTL.GD.ZS,,,,,,,,,,,,,,,,,,,,,,,,,,,,,,,,,-0.518436886,2.708217806,0.377123218,2.442529699,0.744041372,-0.03044185,-0.970425879,-2.715606757,0.183487428,0.99426806,-1.250885628,-0.380613904,,,2.756080196,7.135987632,-3.283377787,-4.092192195,2.630232112,-2.646877521,-7.089587714,-1.099324688,-3.375894888,-4.71139931,-12.75754688,-2.748585078,3.504573407,,
Northern Mariana Islands,MNP,Net lending (+) / net borrowing (-) (% of GDP),GC.NLD.TOTL.GD.ZS,,,,,,,,,,,,,,,,,,,,,,,,,,,,,,,,,,,,,,,,,,,,,,,,,,,,,,,,,,,,,
Mozambique,MOZ,Net lending (+) / net borrowing (-) (% of GDP),GC.NLD.TOTL.GD.ZS,,,,,,,,,,,,,,,,,,,,,,,,,,,,,,,,,,,,,,,,,,,,,,,,,,,-3.222490515,-3.229958603,-2.468715453,,,,-3.116810049,1.454517996,-3.979648777,2.205469549,
Mauritania,MRT,Net lending (+) / net borrowing (-) (% of GDP),GC.NLD.TOTL.GD.ZS,,,,,,,,,,,,,,,,,,,,,,,,,,,,,,,,,,,,,,,,,,,,,,,,,,,,,,,,,,,,,
Mauritius,MUS,Net lending (+) / net borrowing (-) (% of GDP),GC.NLD.TOTL.GD.ZS,,,,,,,,,,,,,,,,,-2.459608844,-6.473722896,-8.796740173,-9.390052356,-6.406806945,-8.62670193,-8.933901919,-4.507560918,-2.86908078,-2.833072572,-0.424365482,1.095285278,1.061604435,0.647051752,0.307555781,0.520608423,-0.227979635,0.509446414,-0.102025544,-1.201765211,-3.26401305,-2.17840374,-0.902625372,-2.06764509,-1.048932906,-3.73542051,-3.521552596,-2.94644341,-2.879579551,-1.977026583,-2.617983578,-1.946820474,0.598056668,0.556595237,-2.299333998,-1.118745974,-0.580446265,-2.903596699,-2.139483041,-0.853140454,-2.26023852,-2.242823119,-1.925908128,-2.171337375,
Malawi,MWI,Net lending (+) / net borrowing (-) (% of GDP),GC.NLD.TOTL.GD.ZS,,,,,,,,,,,,,,,,,,,,,,,,,,,,,,,,,,,,,,,,,,,,,,,,,,-4.625394857,0.040483963,-1.839127517,-5.336380579,-0.910175302,-4.845497218,-4.447221868,-3.321637056,-3.006645406,-5.914638277,-6.217038383,
Malaysia,MYS,Net lending (+) / net borrowing (-) (% of GDP),GC.NLD.TOTL.GD.ZS,,,,,,,,,,,,,,,,,,,,,,,,,,,,,,,,,,,,,1.453896237,2.919853085,-0.821909103,-3.8300129,-4.124174736,-3.505683265,-4.901451673,-4.852317149,-4.124054948,-3.760821814,-2.959491846,-3.174554202,-4.408837866,-6.133355045,-5.000566098,-4.616695677,-4.386461907,-3.767263949,-3.306809208,-3.101703076,-3.025066668,-2.883119347,-3.625986183,-3.375031604,
North America,NAC,Net lending (+) / net borrowing (-) (% of GDP),GC.NLD.TOTL.GD.ZS,,,,,,,,,,,,,-1.351721119,-1.010259749,-0.100954995,-2.398949732,-3.40448337,-2.053966086,-1.743494533,-0.666074431,-1.769498342,-1.488910965,-3.139253105,-5.205229004,-4.046697888,-4.277734462,-4.570892284,-2.968766574,-2.981415993,-2.621606004,-3.745648563,-4.431637235,-4.477831162,-3.862078116,-2.965463489,-2.161434789,-1.471603665,-0.173902925,0.789012035,1.257927185,2.230296679,0.162146503,-2.450736606,-3.607008615,-3.344682395,-2.693959673,-1.775310075,-2.058244398,-4.71353526,-9.393437877,-9.323407436,-8.247099319,-6.711751017,-3.784038055,-3.302475814,-2.824882711,-3.446060412,-2.462997224,-4.359956365,-4.783150972,
Namibia,NAM,Net lending (+) / net borrowing (-) (% of GDP),GC.NLD.TOTL.GD.ZS,,,,,,,,,,,,,,,,,,,,,,,,,,,,,,,,-2.134661386,-4.143400353,,,,,,,-2.4772948,-1.366779056,-3.301438033,-0.800771515,-5.734485801,-1.767100668,0.206148265,5.550472767,7.289424847,3.746329009,-0.29556943,-4.70087459,-6.056775121,0.566985696,-3.740532368,-6.566498592,-8.497964169,-7.125598996,-4.122981184,-2.038052578,,
New Caledonia,NCL,Net lending (+) / net borrowing (-) (% of GDP),GC.NLD.TOTL.GD.ZS,,,,,,,,,,,,,,,,,,,,,,,,,,,,,,,,,,,,,,,,,,,,,,,,,,,,,,,,,,,,,
Niger,NER,Net lending (+) / net borrowing (-) (% of GDP),GC.NLD.TOTL.GD.ZS,,,,,,,,,,,,,,,,,-1.925957326,-1.530485175,-2.038731691,-1.840918713,-4.017169912,,,,,,,,,,,,,,,,,,,,,,,,,,,,,,,,,,,,,,,,
Nigeria,NGA,Net lending (+) / net borrowing (-) (% of GDP),GC.NLD.TOTL.GD.ZS,,,,,,,,,,,,,,,,,,,,,,,,,,,,,,,,,,,,,,,,,,,,,,,,,,,,,,,,,,,,,
Nicaragua,NIC,Net lending (+) / net borrowing (-) (% of GDP),GC.NLD.TOTL.GD.ZS,,,,,,,,,,,,,,,,,,,,,,,,,,,,,,,-34.23627941,6.067417286,-2.281012941,0.081864273,-1.60993943,0.490766824,-0.500812468,-0.383250082,-0.615503973,-1.676855454,-2.799080197,-4.93548945,-1.899159427,-2.193837741,-1.711104221,-1.412407944,0.051836213,0.321790727,-0.873652762,-1.690817818,-0.722434421,0.458784914,0.509180035,0.065007504,-0.279268936,-0.583202395,-0.586114891,-0.587948267,-1.932909565,0.261270646,
Netherlands,NLD,Net lending (+) / net borrowing (-) (% of GDP),GC.NLD.TOTL.GD.ZS,,,,,,,,,,,,,,2.280418238,1.360126682,-0.997914247,-0.595891137,-0.516465596,-1.592439686,-2.70515092,-2.835059692,-3.889561996,-5.38071899,-5.142290176,-5.403258179,-3.763284962,-3.927830628,-5.165417077,-3.857684223,-4.647371108,-4.042051344,-2.049636681,-2.981393166,-2.748825601,-3.765033018,-8.750800341,-2.017265143,-2.356345821,-1.346961032,0.243885576,1.179627749,-0.282849915,-1.633086362,-2.684230027,-1.490498521,-0.089855741,0.386795907,0.256472374,0.904978075,-4.158011145,-4.12821287,-3.765305008,-3.480119945,-2.566230054,-1.918071356,-1.840993148,-0.043482128,1.330631068,1.550801241,1.886585202,
Norway,NOR,Net lending (+) / net borrowing (-) (% of GDP),GC.NLD.TOTL.GD.ZS,,,,,,,,,,,,,2.832234483,3.47731051,2.973819483,2.10708238,1.115139278,0.226729662,-0.875811848,-0.178394229,3.06240751,4.845306879,3.880541643,5.120124895,5.317224958,7.179384142,7.015138002,4.178302816,3.07400871,1.518835508,1.832608754,0.370971804,-2.386934828,-2.334112696,-0.848599543,3.183967407,6.321586237,7.568034065,4.537998483,6.612603886,15.40288055,13.89555496,8.986333347,8.198343088,11.4437303,14.78059907,18.00004241,17.5396875,19.67020701,11.2329065,11.75822764,14.04527474,14.32700427,11.44699963,9.386483886,6.343919711,4.479321194,5.369544411,8.363005047,7.120635833,
Nepal,NPL,Net lending (+) / net borrowing (-) (% of GDP),GC.NLD.TOTL.GD.ZS,,,,,,,,,,,,,,,,,,,,,,,,,,,,,,,,,,,,,,,,,,,,,,,,,,,-1.373379618,-1.000510332,-0.625580747,1.727333333,1.776646875,1.057560754,1.362065679,-2.741487461,-5.396011149,-5.348275355,
Nauru,NRU,Net lending (+) / net borrowing (-) (% of GDP),GC.NLD.TOTL.GD.ZS,,,,,,,,,,,,,,,,,,,,,,,,,,,,,,,,,,,,,,,,,,,,,,,,,,,,,,,8.130649684,-1.281193311,9.85163216,5.023175182,27.63243091,,
New Zealand,NZL,Net lending (+) / net borrowing (-) (% of GDP),GC.NLD.TOTL.GD.ZS,,,,,,,,,,,,,-1.079776423,0.19563091,0.168150346,-3.249034071,0.050128903,-0.505018219,-4.247038917,-2.46907615,-3.840405215,-4.507637752,-5.042498041,-6.445159372,-5.863348091,-2.895396796,-3.223301641,-1.758447293,-1.899140254,,,,,,,,,,,,,,1.629942078,2.804822771,3.548066434,4.339428123,4.636515757,3.003446578,3.131328046,0.447519585,-2.635802499,-6.569511772,-2.352987956,-1.040997942,-0.438352092,0.278878043,0.761442816,1.424186452,1.247504983,1.5507813,
OECD members,OED,Net lending (+) / net borrowing (-) (% of GDP),GC.NLD.TOTL.GD.ZS,,,,,,,,,,,,,-0.476752029,-0.427060357,-0.353799827,-2.350313674,-2.436619856,-1.765777603,-1.955903243,-1.64119529,-1.99639742,-1.85571641,-3.009680564,-3.872221346,-3.379799885,-3.285730915,-3.819998376,-3.156402336,-2.55020928,-2.069781452,-2.416888038,-3.062442673,-3.589080301,-3.947491665,-3.229245554,-3.67789323,-2.290606625,-1.15014462,-0.4244626,0.133703195,1.033110982,-0.209955513,-1.949985228,-2.762421622,-2.456862201,-2.009054843,-1.165773893,-1.010590674,-2.649119681,-6.627003427,-6.526873023,-5.216222392,-4.406528804,-2.883463496,-2.591922656,-2.206035401,-2.226735711,-1.609475294,-2.169241695,-2.497195339,
Oman,OMN,Net lending (+) / net borrowing (-) (% of GDP),GC.NLD.TOTL.GD.ZS,,,,,,,,,,,,,,,,,,,,,,,,,,,,,,,,,,,,,,,,,,,,,,,,,,,,,,,,,,,,,
Other small states,OSS,Net lending (+) / net borrowing (-) (% of GDP),GC.NLD.TOTL.GD.ZS,,,,,,,,,,,,,,,,,,,,,,,,,,,,,,,,,,,,,,,,,,,,,,,,,,,,,,,,,,,,,
Pakistan,PAK,Net lending (+) / net borrowing (-) (% of GDP),GC.NLD.TOTL.GD.ZS,,,,,,,,,,,,,,,,,,,,,,,,,,,,,,,,,,,,,,,,,,,,,,,,,,,,,,,,,,,,,
Panama,PAN,Net lending (+) / net borrowing (-) (% of GDP),GC.NLD.TOTL.GD.ZS,,,,,,,,,,,,,,,,,,,,,,,,,,,,,,,,,,,,,,,,,,,,,,,,,,,,,,,-3.629932025,-4.151584653,-3.46565706,-2.895085811,-2.711990868,,
Peru,PER,Net lending (+) / net borrowing (-) (% of GDP),GC.NLD.TOTL.GD.ZS,,,,,,,,,,,,,-0.843572668,-2.820326985,-1.86455265,-2.633407188,-3.557726524,-3.1015638,-4.352077198,-0.52996116,-2.71048178,-4.593964214,-3.663716023,-8.294074248,-5.021467313,-2.757295121,-4.832647218,-7.243640156,-4.015697895,-6.584982715,-8.07506913,-2.035619493,-3.455640984,-2.916020817,-1.898974427,-1.320522521,2.698921877,0.48920306,-0.382751282,-2.408056094,-2.116521951,-2.12538419,-1.447862121,-1.750293388,-1.251798978,-0.86050393,1.902292751,1.79163727,2.133987918,-1.14329075,0.504151295,1.309123993,2.043758462,1.054745977,-0.311579572,-2.409672464,-1.766434731,-3.418636892,-2.100490382,-2.165546224,
Philippines,PHL,Net lending (+) / net borrowing (-) (% of GDP),GC.NLD.TOTL.GD.ZS,,,,,,,,,,,,,,,,,,,,,,,,,,,,,,,-2.81108057,-1.497022062,-1.695449477,-0.813112895,,,,,,,-4.044671445,-4.025744028,-5.046132257,-4.345449394,-3.693210724,-4.252509635,-1.197801585,-1.354663554,-1.152182466,-3.6019168,-3.314789428,-1.688267301,-1.861447009,-1.161785248,-0.474141094,-1.274777631,-2.182848752,-2.116049908,-3.093624058,-3.283044312,
Palau,PLW,Net lending (+) / net borrowing (-) (% of GDP),GC.NLD.TOTL.GD.ZS,,,,,,,,,,,,,,,,,,,,,,,,,,,,,,,,,,,,,,,,,,,,,,,,,-1.712301874,-0.857426164,-0.964645741,1.275092754,1.017615284,0.757074077,3.629208532,5.145154153,3.613200667,4.658835092,6.356614023,0.361461605,
Papua New Guinea,PNG,Net lending (+) / net borrowing (-) (% of GDP),GC.NLD.TOTL.GD.ZS,,,,,,,,,,,,,,,,,,,,,,,,,,,,,,,-2.173135687,-1.674617262,-5.471228984,-5.713052947,-2.487315336,-0.467770836,0.571754456,0.286753489,-1.743426111,-2.738145941,-1.882824216,-1.274636169,-2.263394964,,,,,,,,,,,,-6.264749713,-5.10537285,-4.738832717,-2.474634572,-2.579659407,-4.96028443,
Poland,POL,Net lending (+) / net borrowing (-) (% of GDP),GC.NLD.TOTL.GD.ZS,,,,,,,,,,,,,,,,,,,,,,,,,,,,,,,,,,,-1.940252703,-1.99936243,-2.870360294,-3.008140349,-2.854540333,-1.459979541,-3.621057526,-4.665356446,-4.518267353,-5.684812171,-5.161340105,-3.818632449,-3.273609985,-1.875861047,-3.407590868,-6.169421111,-6.117660232,-4.105220185,-3.433260936,-4.0035853,-3.364434879,-2.541135698,-2.653895627,-1.58887546,0.074945029,-0.487162429,
Pre-demographic dividend,PRE,Net lending (+) / net borrowing (-) (% of GDP),GC.NLD.TOTL.GD.ZS,,,,,,,,,,,,,,,,,,,,,,,,,,,,,,,,,,,,,,,,,,,,,,,,,,,,,,,,,,,,,
Puerto Rico,PRI,Net lending (+) / net borrowing (-) (% of GDP),GC.NLD.TOTL.GD.ZS,,,,,,,,,,,,,,,,,,,,,,,,,,,,,,,,,,,,,,,,,,,,,,,,,,,,,,,,,,,,,
"Korea, Dem. People’s Rep.",PRK,Net lending (+) / net borrowing (-) (% of GDP),GC.NLD.TOTL.GD.ZS,,,,,,,,,,,,,,,,,,,,,,,,,,,,,,,,,,,,,,,,,,,,,,,,,,,,,,,,,,,,,
Portugal,PRT,Net lending (+) / net borrowing (-) (% of GDP),GC.NLD.TOTL.GD.ZS,,,,,,,,,,,,,,,,-5.540356564,-7.385523122,,-6.374865932,-6.119825774,-5.817302194,-7.001546519,-6.030320983,-5.38143654,-5.049153639,-9.50597286,-7.298643863,-5.630420248,-4.395013075,-2.9252519,-4.09564913,,,,,-5.252947097,-4.461012215,-3.302306555,-4.757851942,-3.265030176,-2.839965551,-4.396188256,-2.876655467,-5.183324452,-5.83847364,-5.766376586,-4.056788147,-2.634201283,-3.08757629,-9.082994315,-10.5393374,-7.539438776,-6.679483641,-5.291308546,-7.734377073,-4.880741093,-2.388973948,-3.117704508,-0.592286078,-0.192947482,
Paraguay,PRY,Net lending (+) / net borrowing (-) (% of GDP),GC.NLD.TOTL.GD.ZS,,,,,,,,,,,,,,,,,,,,,,,,,,,,,,,,,,,,,,,,,,,,,,0.750725531,0.855293104,1.202329457,2.207609755,0.52614113,1.415654135,1.203275742,-0.724049106,-1.075184862,-0.047743947,-0.62490398,0.168174391,-0.43526321,-0.996789304,-2.37182105,
West Bank and Gaza,PSE,Net lending (+) / net borrowing (-) (% of GDP),GC.NLD.TOTL.GD.ZS,,,,,,,,,,,,,,,,,,,,,,,,,,,,,,,,,,,,,,,,,,,,,,,,,,,,,,,,,,,,,
Pacific island small states,PSS,Net lending (+) / net borrowing (-) (% of GDP),GC.NLD.TOTL.GD.ZS,,,,,,,,,,,,,,,,,,,,,,,,,,,,,,,,,,,,,,,,,,,,,,,,,,,-2.049378502,-0.86065474,-1.171926032,0.19529868,1.990611642,2.484559896,1.619673496,0.91153918,2.449439839,-1.116637521,
Post-demographic dividend,PST,Net lending (+) / net borrowing (-) (% of GDP),GC.NLD.TOTL.GD.ZS,,,,,,,,,,,,,-0.204779766,-0.160575547,-0.062081955,-2.238821052,-2.356497056,-1.586188556,-1.86427551,-1.497638064,-1.91817087,-1.672926029,-2.584264751,-3.580492931,-3.075233976,-3.009718412,-3.547068393,-2.865437513,-2.272732339,-1.920539117,-2.325281654,-3.055218669,-3.648590966,-3.931333492,-3.213385066,-3.691520048,-2.114529776,-0.864912966,-0.165585433,0.33075803,1.276602325,-0.086182653,-1.822147666,-2.678445989,-2.418563664,-1.964839925,-1.143069073,-0.970109607,-2.570664624,-6.598759995,-6.473211781,-5.267962393,-4.466461327,-2.802108533,-2.520476382,-2.178292824,-2.196213143,-1.53517792,-2.136602088,-2.445191151,
French Polynesia,PYF,Net lending (+) / net borrowing (-) (% of GDP),GC.NLD.TOTL.GD.ZS,,,,,,,,,,,,,,,,,,,,,,,,,,,,,,,,,,,,,,,,,,,,,,,,,,,,,,,,,,,,,
Qatar,QAT,Net lending (+) / net borrowing (-) (% of GDP),GC.NLD.TOTL.GD.ZS,,,,,,,,,,,,,,,,,,,,,,,,,,,,,,,,,,,,,,,,,,,,,,,,,,,,,,,,,,,,,
Romania,ROU,Net lending (+) / net borrowing (-) (% of GDP),GC.NLD.TOTL.GD.ZS,,,,,,,,,,,,,,,,,,,,,,1.935225269,3.274814407,3.287498374,6.548462198,2.595963303,4.341283091,7.15370962,5.888798133,8.28775,0.937172165,1.943373111,-3.40940755,0.386358418,-2.066955753,-2.08524952,-3.685555468,-4.470178548,-3.227166238,-4.546823301,-4.87788894,-3.642600736,-1.93076183,-1.606105954,-0.888436431,-0.783443183,-2.145595815,-2.498032024,-4.349591523,-8.343222306,-6.818053242,-4.819196053,-3.19349928,-2.21808098,-1.701229454,-1.341578714,-2.819240427,-2.807042861,-2.865995922,-4.212801018,
Russian Federation,RUS,Net lending (+) / net borrowing (-) (% of GDP),GC.NLD.TOTL.GD.ZS,,,,,,,,,,,,,,,,,,,,,,,,,,,,,,,,,,,-6.993696275,9.320961853,,,-6.255725631,-0.118260914,2.469213436,2.630265921,7.023073727,2.207555324,5.280917486,9.88306838,8.026094429,6.186026563,5.619857246,-5.233047032,-1.869849444,3.056692285,2.299738339,0.853317842,-0.922756554,-2.269699683,-2.225722732,-1.55254499,2.977306613,2.244073529,
Rwanda,RWA,Net lending (+) / net borrowing (-) (% of GDP),GC.NLD.TOTL.GD.ZS,,,,,,,,,,,,,,,,,,,,,,,,,,,,,,,-5.350392075,-3.310151046,-5.647894402,,,,,,,,,,,,,,,,,,,,,,-1.74470303,-2.306227542,-2.071794426,-3.079360859,-2.920849918,-4.279259518,
South Asia,SAS,Net lending (+) / net borrowing (-) (% of GDP),GC.NLD.TOTL.GD.ZS,,,,,,,,,,,,,,,-0.085666187,0.150212792,0.128523948,0.184573643,-0.107391968,-0.907235536,-1.003652395,-0.501807243,-0.786527352,-1.277800611,-1.997686419,-2.275923078,-2.916695514,-3.0782223,-3.057765308,-2.741515618,-3.447711812,-2.388718086,-2.393686593,-3.956811996,-2.535130549,-2.347942981,-2.185547872,-2.893977398,-3.410531235,-3.359318543,-3.949818286,-4.23364202,-4.434252194,-3.304708166,-3.185932413,-3.185750817,-2.321792622,-0.704846322,-4.716511341,-5.29334211,-3.316322897,-3.077105701,-3.509164454,-3.720794812,-3.086232855,-2.766421205,-2.377608623,-2.616944242,-2.414983435,,
Saudi Arabia,SAU,Net lending (+) / net borrowing (-) (% of GDP),GC.NLD.TOTL.GD.ZS,,,,,,,,,,,,,,,,,,,,,,,,,,,,,,,,,,,,,,,,,,,,,,,,,,,4.391579519,11.55395994,11.93297628,5.63854041,-3.541991719,-15.83843806,-12.86183426,-9.236032292,-5.877183757,-4.460389704,
Sudan,SDN,Net lending (+) / net borrowing (-) (% of GDP),GC.NLD.TOTL.GD.ZS,,,,,,,,,,,,,,,,,,,,,,,,,,,,,,,,,,,,,,,-0.397775034,-0.387804576,,,,,,,,,,-3.719020907,-4.838984619,,-3.05509566,-1.690446116,-0.846497417,-1.092193496,-1.874106058,,,,
Senegal,SEN,Net lending (+) / net borrowing (-) (% of GDP),GC.NLD.TOTL.GD.ZS,,,,,,,,,,,,,,,,,,,,,,,,,,,,,,,,,,,,,,,,,,,,,,,,,,,,,,,,-3.796641073,-2.28799771,-4.010647231,-3.77680364,,
Singapore,SGP,Net lending (+) / net borrowing (-) (% of GDP),GC.NLD.TOTL.GD.ZS,,,,,,,,,,,,,5.432229623,6.695140252,6.336019452,7.211170759,4.025754162,4.280507791,4.122721869,5.46326604,6.157806847,6.137981023,9.196261462,9.049345735,2.930717175,10.23914171,8.64212928,-3.218476602,5.08493926,6.772307266,10.51604218,9.253553477,12.66954152,17.59850332,20.36152863,19.02970595,16.36136259,20.23618297,10.86740608,12.13859592,11.03588428,5.488371862,4.557083032,2.918564125,3.864570315,6.36884587,6.145441118,11.11487597,7.630823504,1.56565443,7.464307461,9.075814837,8.456424795,8.056272464,7.101829587,4.198358178,5.045040378,7.598840237,4.824017835,7.511081014,
Solomon Islands,SLB,Net lending (+) / net borrowing (-) (% of GDP),GC.NLD.TOTL.GD.ZS,,,,,,,,,,,,,,,,,,,,,,,,,,,,,,,,,,,,,,,,,,,,,,,,,,,,6.224391645,4.610882358,3.574104149,2.127044113,0.808951892,-3.560619854,-2.250085175,1.507565945,-1.55212005,
Sierra Leone,SLE,Net lending (+) / net borrowing (-) (% of GDP),GC.NLD.TOTL.GD.ZS,,,,,,,,,,,,,,,,,,,,,,,,,,,,,,,,,,,,,,,,,,,,,,,,,,,,,,,,,,,,,
El Salvador,SLV,Net lending (+) / net borrowing (-) (% of GDP),GC.NLD.TOTL.GD.ZS,,,,,,,,,,,,,,,,,,,,,,,,,,,,,,,,,,,,,,,0.097378819,-1.26220767,2.20171058,-3.749226463,-5.347361213,-2.838289487,-3.782201473,-5.087766559,-3.758776687,0.98696484,0.395843862,-5.957974323,-3.081106163,-2.536624404,-0.855063267,-1.517895754,-2.288930067,-1.305428327,-0.185854655,-0.575672678,-0.617978819,-0.885183683,
San Marino,SMR,Net lending (+) / net borrowing (-) (% of GDP),GC.NLD.TOTL.GD.ZS,,,,,,,,,,,,,,,,,,,,,,,,,,,,,,,,,,,,,,,,,,,0.99242758,2.251257839,1.875700972,4.144470912,4.881106302,3.452003522,,,,,,,,,,,,,
Somalia,SOM,Net lending (+) / net borrowing (-) (% of GDP),GC.NLD.TOTL.GD.ZS,,,,,,,,,,,,,,,,,,,,,,,,,,,,,,,,,,,,,,,,,,,,,,,,,,,,,,,,,,2.58E-06,6.88E-06,2.14E-05,
Serbia,SRB,Net lending (+) / net borrowing (-) (% of GDP),GC.NLD.TOTL.GD.ZS,,,,,,,,,,,,,,,,,,,,,,,,,,,,,,,,,,,,,,,,,,,,,,,,-0.840599874,-1.581894734,-2.479021655,-3.550606287,-3.931932942,-5.728613074,-4.372197508,-4.652463086,-2.898761878,-0.915545692,0.79595057,0.639936462,0.204405972,
Sub-Saharan Africa (excluding high income),SSA,Net lending (+) / net borrowing (-) (% of GDP),GC.NLD.TOTL.GD.ZS,,,,,,,,,,,,,,,,,,,,,,,,,,,,,,,,,,,,,,,,,,,,,,,,,,,,,,,-4.022261812,-4.55633902,-4.041605339,-4.848385538,,,
South Sudan,SSD,Net lending (+) / net borrowing (-) (% of GDP),GC.NLD.TOTL.GD.ZS,,,,,,,,,,,,,,,,,,,,,,,,,,,,,,,,,,,,,,,,,,,,,,,,,,,,,,,,,,,,,
Sub-Saharan Africa,SSF,Net lending (+) / net borrowing (-) (% of GDP),GC.NLD.TOTL.GD.ZS,,,,,,,,,,,,,,,,,,,,,,,,,,,,,,,,,,,,,,,,,,,,,,,,,,,,,,,-3.990954971,-4.50377994,-4.015645857,-4.807610885,,,
Small states,SST,Net lending (+) / net borrowing (-) (% of GDP),GC.NLD.TOTL.GD.ZS,,,,,,,,,,,,,,,,,,,,,,,,,,,,,,,,,,,,,,,,,,,,,,,,,,,,,,,,,,,,,
Sao Tome and Principe,STP,Net lending (+) / net borrowing (-) (% of GDP),GC.NLD.TOTL.GD.ZS,,,,,,,,,,,,,,,,,,,,,,,,,,,,,,,,,,,,,,,,,,,,,,,,,,,,,,,,,,,,,
Suriname,SUR,Net lending (+) / net borrowing (-) (% of GDP),GC.NLD.TOTL.GD.ZS,,,,,,,,,,,,,,,,,,,,,,,,,,,,,,,,,,,,,,,,,,,,,,,,,,,,,,,,,,,,,
Slovak Republic,SVK,Net lending (+) / net borrowing (-) (% of GDP),GC.NLD.TOTL.GD.ZS,,,,,,,,,,,,,,,,,,,,,,,,,,,,,,,,,,,,-0.432311033,-7.825318499,-5.070638582,-4.430574186,-6.488666592,-13.02580232,-7.218349737,-8.570082642,-3.084579278,-2.795558785,-3.123153931,-3.493474482,-2.110150836,-2.585562317,-7.597680892,-6.733557367,-4.303750272,-4.631535249,-3.220584111,-3.033961057,-2.814870967,-3.125003277,-0.909196829,-1.13846404,-1.50749516,
Slovenia,SVN,Net lending (+) / net borrowing (-) (% of GDP),GC.NLD.TOTL.GD.ZS,,,,,,,,,,,,,,,,,,,,,,,,,,,,,,,,,,,-0.128966431,,,,,,,,-2.202329097,-2.526915429,-1.852202473,-1.279331561,-1.153454295,0.085551877,-0.712458872,-5.327758624,-5.338724723,-6.707682102,-4.046288567,-14.43367788,-5.375020739,-3.137266782,-2.096635883,-0.092029299,0.90974577,0.580570758,
Sweden,SWE,Net lending (+) / net borrowing (-) (% of GDP),GC.NLD.TOTL.GD.ZS,,,,,,,,,,,,,4.091975531,2.740525317,1.491164168,1.496411164,3.619760726,2.151776493,-0.36658541,-3.060665766,-3.667266379,-4.816823328,-4.457232811,-6.005050646,-4.317541537,-3.716235981,-2.727388142,1.463346138,2.374139927,3.400491508,3.02229571,-0.311746245,-3.322806256,-12.21839384,-10.42765967,-6.609019532,-2.761299384,-1.090819037,0.999300945,0.959728752,3.085354697,1.634161178,-0.879024114,-0.938839327,0.309413418,1.436464654,2.107943574,3.239427542,2.01180862,-0.480490799,-0.183373484,0.130690026,-0.797657334,-1.293284198,-1.112897692,0.374254484,1.578494013,1.640204502,1.505600515,1.378193032,
Eswatini,SWZ,Net lending (+) / net borrowing (-) (% of GDP),GC.NLD.TOTL.GD.ZS,,,,,,,,,,,,,,,,,,,,,,,,,,,,,,,,,,,,,,,,,,,,,,,,,,,,,,,,,,,,,
Sint Maarten (Dutch part),SXM,Net lending (+) / net borrowing (-) (% of GDP),GC.NLD.TOTL.GD.ZS,,,,,,,,,,,,,,,,,,,,,,,,,,,,,,,,,,,,,,,,,,,,,,,,,,,,,,,,,,,,,
Seychelles,SYC,Net lending (+) / net borrowing (-) (% of GDP),GC.NLD.TOTL.GD.ZS,,,,,,,,,,,,,,,,,,,,,,,,,,-6.249481285,-11.53561553,0.759368077,2.087681169,0.69726903,,,,-4.870500081,-1.504431975,-4.309739267,-13.24294056,-13.85708227,-14.96267141,-11.15884986,-13.89292119,,,,,7.115102994,2.256055208,-5.04788706,7.293166462,3.368827896,1.05016963,5.523314567,5.116322042,2.355588805,1.522445518,1.068890307,-0.425577319,0.545011561,3.176244593,,
Syrian Arab Republic,SYR,Net lending (+) / net borrowing (-) (% of GDP),GC.NLD.TOTL.GD.ZS,,,,,,,,,,,,,,,,,,,,,,,,,,,,,,,,,,,,,,,,,,,,,,,,,,,,,,,,,,,,,
Turks and Caicos Islands,TCA,Net lending (+) / net borrowing (-) (% of GDP),GC.NLD.TOTL.GD.ZS,,,,,,,,,,,,,,,,,,,,,,,,,,,,,,,,,,,,,,,,,,,,,,,,,,,,,,,,,,,,,
Chad,TCD,Net lending (+) / net borrowing (-) (% of GDP),GC.NLD.TOTL.GD.ZS,,,,,,,,,,,,,,,,,,,,,,,,,,,,,,,,,,,,,,,,,,,,,,,,,,,,,,,,,,,,,
East Asia & Pacific (IDA & IBRD countries),TEA,Net lending (+) / net borrowing (-) (% of GDP),GC.NLD.TOTL.GD.ZS,,,,,,,,,,,,,,,,,,,,,,,,,,,,,,,,,,,,,,,,,,,,,,,,,,,,,,,,,,,,,
Europe & Central Asia (IDA & IBRD countries),TEC,Net lending (+) / net borrowing (-) (% of GDP),GC.NLD.TOTL.GD.ZS,,,,,,,,,,,,,,,,,,,,,,,,,,,,,,,,,,,-5.058877014,2.946462297,,,-5.141507416,-1.086667229,0.338474399,0.222548992,2.944381713,-0.155015256,1.622308108,4.848481679,3.831953197,2.920358186,1.621892876,-5.233584535,-2.797306243,0.483210862,0.280550061,-0.390813298,-1.143438154,-1.533404623,-1.908389191,-1.611610333,0.911841779,0.064399858,
Togo,TGO,Net lending (+) / net borrowing (-) (% of GDP),GC.NLD.TOTL.GD.ZS,,,,,,,,,,,,,,,,,,,,,,,,,,,,,,,,,,,,,,,,,,,,,-0.288158407,-5.321130035,-3.306659105,-0.780997009,0.257498692,-0.519924356,-0.293085456,-1.052117633,-6.191379317,-3.010172982,-3.333647745,-6.277618483,-7.293370066,0.316376112,-0.773032475,2.297901344,
Thailand,THA,Net lending (+) / net borrowing (-) (% of GDP),GC.NLD.TOTL.GD.ZS,,,,,,,,,,,,,-3.652557347,-2.826204454,1.015401124,-1.772832265,-3.546608886,-2.966294865,-3.446743055,-3.406333953,-4.174754976,-3.569380602,-5.805822153,-3.699609844,-3.417773978,-4.743965821,-3.80881539,-1.797043365,1.352092967,3.077234497,4.750760884,4.831576833,3.041632461,2.092616778,2.163487473,2.904224995,2.54714565,-1.789287754,-6.249743436,-8.707936363,-1.808003045,-2.107430124,-6.784628082,1.385169475,1.053127113,2.324284425,1.780002337,0.12362203,0.465646756,-2.850759427,-0.582220649,-1.060949262,-1.174351055,0.30502743,-0.852194059,-0.046926223,0.287681714,-0.74252519,-0.436593724,0.013898841,
Tajikistan,TJK,Net lending (+) / net borrowing (-) (% of GDP),GC.NLD.TOTL.GD.ZS,,,,,,,,,,,,,,,,,,,,,,,,,,,,,,,,,,,,,,,-3.253486784,-1.962750929,-0.807074495,-0.151259849,,-4.572394674,-6.613396462,,,,,,,,,,,,,,,,
Turkmenistan,TKM,Net lending (+) / net borrowing (-) (% of GDP),GC.NLD.TOTL.GD.ZS,,,,,,,,,,,,,,,,,,,,,,,,,,,,,,,,,,,,,,,,,,,,,,,,,,,,,,,,,,,,,
Latin America & the Caribbean (IDA & IBRD countries),TLA,Net lending (+) / net borrowing (-) (% of GDP),GC.NLD.TOTL.GD.ZS,,,,,,,,,,,,,,,,,,,,,,,,,,,,,,,,,,,,,,,,,,,,,,,,,,,-2.648478159,-2.235660815,-1.555206994,-2.603612315,-3.993784883,-4.929899095,-4.496885598,-4.966157947,-4.590552411,-3.937026623,
Timor-Leste,TLS,Net lending (+) / net borrowing (-) (% of GDP),GC.NLD.TOTL.GD.ZS,,,,,,,,,,,,,,,,,,,,,,,,,,,,,,,,,,,,,,,,,,,,,,,,,,,186.3820325,235.7915209,236.5602737,169.9360943,64.86022041,8.071228381,-52.52480738,-12.14728525,-2.814439748,5.838564586,
Middle East & North Africa (IDA & IBRD countries),TMN,Net lending (+) / net borrowing (-) (% of GDP),GC.NLD.TOTL.GD.ZS,,,,,,,,,,,,,,,,,,,,,,,,,,,,,,,,,,,,,,,,,,,,,,,,,,,,,,,,,,,,,
Tonga,TON,Net lending (+) / net borrowing (-) (% of GDP),GC.NLD.TOTL.GD.ZS,,,,,,,,,,,,,,,,,,,,,,,,,,,,,,,,,,,,,,,,,,,,,,,,,,,,,,-1.23380153,6.470142559,-2.685685914,-0.40640468,2.101298262,,,
South Asia (IDA & IBRD),TSA,Net lending (+) / net borrowing (-) (% of GDP),GC.NLD.TOTL.GD.ZS,,,,,,,,,,,,,,,-0.085666187,0.150212792,0.128523948,0.184573643,-0.107391968,-0.907235536,-1.003652395,-0.501807243,-0.786527352,-1.277800611,-1.997686419,-2.275923078,-2.916695514,-3.0782223,-3.057765308,-2.741515618,-3.447711812,-2.388718086,-2.393686593,-3.956811996,-2.535130549,-2.347942981,-2.185547872,-2.893977398,-3.410531235,-3.359318543,-3.949818286,-4.23364202,-4.434252194,-3.304708166,-3.185932413,-3.185750817,-2.321792622,-0.704846322,-4.716511341,-5.29334211,-3.316322897,-3.077105701,-3.509164454,-3.720794812,-3.086232855,-2.766421205,-2.377608623,-2.616944242,-2.414983435,,
Sub-Saharan Africa (IDA & IBRD countries),TSS,Net lending (+) / net borrowing (-) (% of GDP),GC.NLD.TOTL.GD.ZS,,,,,,,,,,,,,,,,,,,,,,,,,,,,,,,,,,,,,,,,,,,,,,,,,,,,,,,-3.990954971,-4.50377994,-4.015645857,-4.807610885,,,
Trinidad and Tobago,TTO,Net lending (+) / net borrowing (-) (% of GDP),GC.NLD.TOTL.GD.ZS,,,,,,,,,,,,,,,,,,,,,,,,,,,,,,,,,,,,,,,,,,1.969355466,-0.058624978,2.241846872,1.925107922,5.740450894,1.845778392,0.663806794,2.151326509,-4.955096091,-1.480448509,-2.740911785,-1.331806393,-2.891736619,-1.833521948,-1.410257132,-6.958884974,-6.787575615,-3.357191865,,
Tunisia,TUN,Net lending (+) / net borrowing (-) (% of GDP),GC.NLD.TOTL.GD.ZS,,,,,,,,,,,,,2.032786885,0.251889169,0.671921437,-0.017227518,-1.805483704,-4.106026735,-2.335037642,-1.423682409,0.389775455,-0.463719366,-3.263674965,-5.072246432,-2.379764207,-3.238676033,-4.09334674,-3.475912536,-2.834676581,-3.686169825,-3.201826974,-4.683758978,-2.182287791,-2.422423788,-0.500196031,-2.449594764,-2.600924144,-2.478272619,0.026986205,-2.213420146,-2.401701474,-2.121808703,-2.140030515,-2.160669205,-2.526352649,-2.810775955,-2.4411192,-1.991102518,-0.613557985,-1.473130961,-1.373811544,-3.847131901,-5.060948569,,,,,,,,
Turkey,TUR,Net lending (+) / net borrowing (-) (% of GDP),GC.NLD.TOTL.GD.ZS,,,,,,,,,,,,,-1.694915254,-1.373626374,-1.068979427,-0.605026373,-1.275510204,-4.023478179,-2.301030406,-4.078326914,-3.055098841,-1.01759271,,-3.464022207,-8.245177773,-5.836360787,-2.430730257,-3.115820128,-2.968786879,-3.286456022,-2.987812045,-5.279258499,-4.315655845,-6.700550203,-3.889485786,-4.074264587,-8.380590066,-7.93509595,-5.706274433,,,,,,,,,,-1.358988097,-5.303825806,-2.89084378,-0.865839479,-0.192532183,0.211743482,0.265645579,0.501538395,-1.396064423,-2.536311346,-2.058724079,-2.857623871,
Tuvalu,TUV,Net lending (+) / net borrowing (-) (% of GDP),GC.NLD.TOTL.GD.ZS,,,,,,,,,,,,,,,,,,,,,,,,,,,,,,,,,,,,,,,,,,,,,,,,,,,,,,,,,,,,,
Tanzania,TZA,Net lending (+) / net borrowing (-) (% of GDP),GC.NLD.TOTL.GD.ZS,,,,,,,,,,,,,,,,,,,,,,,,,,,,,,,,,,,,,,,,,,,,,,,,,,0.027774182,0.023868632,-1.50379418,-2.440072679,-1.228697785,-2.770265365,-1.063161541,-0.715370602,-1.480547588,-0.287265766,,
Uganda,UGA,Net lending (+) / net borrowing (-) (% of GDP),GC.NLD.TOTL.GD.ZS,,,,,,,,,,,,,,,,,,,,,,,,,,,,,,,,,,,,,,,,,,,,,,,,,,,,,,,,-2.121804426,-2.246641437,-2.454663265,-2.666808105,-3.465468945,
Ukraine,UKR,Net lending (+) / net borrowing (-) (% of GDP),GC.NLD.TOTL.GD.ZS,,,,,,,,,,,,,,,,,,,,,,,,,,,,,,,,,,,,,,,,-2.091197582,-0.595284295,-0.794005618,0.322245864,-0.189130945,-3.195229611,-1.364855642,-1.034450409,-0.8909527,-1.468379242,-5.610858191,-6.541887402,-2.321923613,-4.066660544,-4.331038509,-4.833623729,-1.493363989,-2.576484038,-1.391278207,-1.7084596,-1.720457892,
Upper middle income,UMC,Net lending (+) / net borrowing (-) (% of GDP),GC.NLD.TOTL.GD.ZS,,,,,,,,,,,,,,,,,,,,,,,,,,,,,,,,,,,,,,,,,,,,,,,,,,,,,,,,,,,,,
Uruguay,URY,Net lending (+) / net borrowing (-) (% of GDP),GC.NLD.TOTL.GD.ZS,,,,,,,,,,,,,-2.409223886,-0.824014126,-3.784168818,-4.525344457,-2.097301582,-0.721776197,-0.490260717,1.017969923,0.42189059,-1.182409768,-8.377851895,-3.5154936,-5.112580045,-1.899003911,-0.277275846,-0.677326708,-1.363066293,-2.575308212,0.542538364,0.964162862,0.657185752,-0.514166627,-2.618550209,-1.1973471,-1.454638342,-0.971198637,-0.755720848,-3.265907653,-3.013554849,-3.997142107,-4.396169585,-4.243158612,-2.424025934,-1.523348785,-0.90891813,-1.535602031,-0.91177725,-1.474588181,-0.89781725,-0.555171076,-2.019376839,-1.505213798,-2.317697688,-2.804559194,-3.668496294,-2.997707335,-2.082123787,-3.056736747,
United States,USA,Net lending (+) / net borrowing (-) (% of GDP),GC.NLD.TOTL.GD.ZS,,,,,,,,,,,,,-1.351721119,-1.010259749,-0.100954995,-2.398949732,-3.40448337,-2.053966086,-1.743494533,-0.666074431,-1.769498342,-1.488910965,-3.139253105,-5.205229004,-4.046697888,-4.277734462,-4.570892284,-2.968766574,-2.981415993,-2.621606004,-3.666522224,-4.370320921,-4.42355115,-3.696549086,-2.791044506,-1.978729929,-1.380878426,-0.231068192,0.800633957,1.286827133,2.233342612,0.013985305,-2.843105211,-4.077809872,-3.827934076,-3.037251876,-2.105869585,-2.442489291,-5.261820186,-10.21051657,-10.03175301,-8.979109008,-7.330075084,-4.15454671,-3.726810632,-3.20652388,-3.831213529,-2.766232984,-4.86185827,-5.306614599,
Uzbekistan,UZB,Net lending (+) / net borrowing (-) (% of GDP),GC.NLD.TOTL.GD.ZS,,,,,,,,,,,,,,,,,,,,,,,,,,,,,,,,,,,,,,,,,,,,,,,,,,,,7.507582847,9.325236184,4.675208503,4.07998618,2.764175788,3.667174754,1.456588907,2.84178965,0.519623225,
St. Vincent and the Grenadines,VCT,Net lending (+) / net borrowing (-) (% of GDP),GC.NLD.TOTL.GD.ZS,,,,,,,,,,,,,,,,,,,,,,,,,,,,,,,,,,,,,,,,,-0.387791186,-1.328388508,-1.09808046,-1.824154013,-1.113860403,-3.724215474,-3.33726854,-2.479550785,-0.636923371,-1.695531399,-2.859155879,-2.69153247,-2.056464199,-6.168721126,-2.05870228,-1.285558792,2.188946704,-1.642915919,,,
"Venezuela, RB",VEN,Net lending (+) / net borrowing (-) (% of GDP),GC.NLD.TOTL.GD.ZS,,,,,,,,,,,,,,,,,,,,,,,,,,,,,,,,,,,,,,,,,,,,,,,,,,,,,,,,,,,,,
British Virgin Islands,VGB,Net lending (+) / net borrowing (-) (% of GDP),GC.NLD.TOTL.GD.ZS,,,,,,,,,,,,,,,,,,,,,,,,,,,,,,,,,,,,,,,,,,,,,,,,,,,,,,,,,,,,,
Virgin Islands (U.S.),VIR,Net lending (+) / net borrowing (-) (% of GDP),GC.NLD.TOTL.GD.ZS,,,,,,,,,,,,,,,,,,,,,,,,,,,,,,,,,,,,,,,,,,,,,,,,,,,,,,,,,,,,,
Vietnam,VNM,Net lending (+) / net borrowing (-) (% of GDP),GC.NLD.TOTL.GD.ZS,,,,,,,,,,,,,,,,,,,,,,,,,,,,,,,,,,,,,,,,,,,,,,,,,,,,,,,,,,,,,
Vanuatu,VUT,Net lending (+) / net borrowing (-) (% of GDP),GC.NLD.TOTL.GD.ZS,,,,,,,,,,,,,,,,,,,,,,,,,,,,,,,4.817137943,,,,,1.402353951,-0.667808219,-0.689742454,-0.254133405,-0.132974879,,,,,,,,,,-0.821419248,-2.504122983,-2.326979245,-1.524845451,-0.232222693,0.974750288,8.175060854,7.070245681,-1.72822263,6.382413366,5.358335497,
World,WLD,Net lending (+) / net borrowing (-) (% of GDP),GC.NLD.TOTL.GD.ZS,,,,,,,,,,,,,,,,,,,,,,,,,,,,,,,,,,,,-2.86358022,-2.059418643,-1.069424722,-0.862170349,-0.153706134,0.787754476,,-1.80522039,-2.548572373,-2.061528224,,,,-2.217249396,-6.190813754,-5.575136386,-4.220455363,-3.602234822,-2.580363316,-2.601234538,-2.596933755,-2.522380526,-2.003999509,-2.188409363,-2.415884056,
Samoa,WSM,Net lending (+) / net borrowing (-) (% of GDP),GC.NLD.TOTL.GD.ZS,,,,,,,,,,,,,,,,,,,,,,,,,,,,,,,,,,,,,,,,,,,,,,,,,,,,,-8.130242587,-3.911792588,,,,,,,
Kosovo,XKX,Net lending (+) / net borrowing (-) (% of GDP),GC.NLD.TOTL.GD.ZS,,,,,,,,,,,,,,,,,,,,,,,,,,,,,,,,,,,,,,,,,,,,,,,,,,,,,,,,,,,,,
"Yemen, Rep.",YEM,Net lending (+) / net borrowing (-) (% of GDP),GC.NLD.TOTL.GD.ZS,,,,,,,,,,,,,,,,,,,,,,,,,,,,,,,,,,,,,,,,,,,,,,,,,,,,,,,,,,,,,
South Africa,ZAF,Net lending (+) / net borrowing (-) (% of GDP),GC.NLD.TOTL.GD.ZS,,,,,,,,,,,,,-0.371543428,1.234628628,0.083966413,-1.160150429,-2.428602846,-1.932162155,-1.117043525,-0.875584581,1.377112088,-1.10410305,-2.070390943,-4.223226204,-3.403035827,-2.98383912,-5.041188938,-5.455281442,-4.686640694,-0.647605554,-3.438795067,-3.499831992,-8.491020867,-8.853820144,-5.317864793,-5.307251671,-5.160161737,-3.723093027,-2.939508283,-1.766354838,-1.910624691,-0.893758412,-1.556111447,-2.545776178,-1.882674183,-0.181362986,0.874524301,1.028631402,-0.649412869,-4.916542282,-3.964167052,-4.559015032,-5.116569843,-5.634650718,-3.814632238,-4.799276416,-3.752501418,-5.080205385,-6.739070825,-5.791276769,
Zambia,ZMB,Net lending (+) / net borrowing (-) (% of GDP),GC.NLD.TOTL.GD.ZS,,,,,,,,,,,,,,,,,,,,,,,,,,,,,,,,,,,,,,,-2.835665187,-0.364106168,,1.627068944,-1.487791087,0.940084213,1.7293912,-4.008566181,1.837297933,2.141641308,-0.250266934,-0.741710498,-1.126677538,-1.006941732,0.235911233,-4.411145328,-5.658025243,-8.028436904,-5.663412398,-5.278593939,-8.779241056,-7.874028142,
Zimbabwe,ZWE,Net lending (+) / net borrowing (-) (% of GDP),GC.NLD.TOTL.GD.ZS,,,,,,,,,,,,,,,,,,,,,,,,,,,,,,,,,,,,,,,,,,,,,,,,,,0.181212225,2.676856349,0.824874035,-0.451996001,,,-3.031569824,-8.558720534,-11.76716705,-10.37628921,,